id	order_id	address	cpu	memory	storage	bandwith	duration	status	cost	created_on	last_updated	updates_count
0	12864943	0xC4134D4f59947D3d36c01029845616B71C4206ef	1	1	40	1	60	0	2.00	18-08-2022 15:03	0	0
41	12872943	0xeceD2227f5f8522D887087F5BDBDFB2684Fd93e8	1	1	40	1	60	0	2.00	18-08-2022 15:03	0	0
40	12867843	0xeEB40594ea57d5361b5A9f5FE87b3e2b23308459	1	1	40	1	60	0	1.00	18-08-2022 15:03	18-08-2022 15:03	1
52	12883943	0x02B143Fe76f4F8C4A2E792311664d24759c49d52	1	1	40	1	60	0	2.00	18-08-2022 15:03	0	0
48	12881943	0x02B143Fe76f4F8C4A2E792311664d24759c49d52	1	1	40	1	60	0	1.00	18-08-2022 15:03	0	0
46	12880943	0x02B143Fe76f4F8C4A2E792311664d24759c49d52	1	1	40	1	60	0	2.00	18-08-2022 15:03	0	0
50	12882943	0xeEB40594ea57d5361b5A9f5FE87b3e2b23308459	1	1	40	1	60	0	2.00	18-08-2022 15:03	0	0
47	12880963	0xfe6851BCe8edf041adbb5C2134660816a4F8683D	1	1	40	1	60	0	2.00	18-08-2022 15:03	0	0
49	12882053	0xeceD2227f5f8522D887087F5BDBDFB2684Fd93e8	1	1	40	1	60	0	2.00	18-08-2022 15:03	0	0
51	12883323	0x02B143Fe76f4F8C4A2E792311664d24759c49d52	1	1	40	1	60	0	2.00	18-08-2022 15:03	0	0
42	12880553	0xC4134D4f59947D3d36c01029845616B71C4206ef	1	1	40	1	60	0	2.00	18-08-2022 15:03	0	0
3	12867543	0xC4134D4f59947D3d36c01029845616B71C4206ef	1	1	40	1	60	0	2.00	18-08-2022 15:03	0	0
6	12867553	0xC4134D4f59947D3d36c01029845616B71C4206ef	1	1	40	1	60	0	2.00	18-08-2022 15:03	0	0
43	12880583	0xeEB40594ea57d5361b5A9f5FE87b3e2b23308459	1	1	40	1	60	0	2.00	18-08-2022 15:03	0	0
8	12867563	0xC4134D4f59947D3d36c01029845616B71C4206ef	1	1	40	1	60	0	2.00	18-08-2022 15:03	0	0
44	12880593	0xeceD2227f5f8522D887087F5BDBDFB2684Fd93e8	1	1	40	1	60	0	2.00	18-08-2022 15:03	0	0
11	12867573	0xC4134D4f59947D3d36c01029845616B71C4206ef	1	1	40	1	60	0	2.00	18-08-2022 15:03	0	0
13	12867583	0xC4134D4f59947D3d36c01029845616B71C4206ef	1	1	40	1	60	0	2.00	18-08-2022 15:03	0	0
16	12867593	0xC4134D4f59947D3d36c01029845616B71C4206ef	1	1	40	1	60	0	2.00	18-08-2022 15:03	0	0
18	12867603	0xC4134D4f59947D3d36c01029845616B71C4206ef	1	1	40	1	60	0	2.00	18-08-2022 15:03	0	0
21	12867613	0xC4134D4f59947D3d36c01029845616B71C4206ef	1	1	40	1	60	0	2.00	18-08-2022 15:03	0	0
23	12867623	0xC4134D4f59947D3d36c01029845616B71C4206ef	1	1	40	1	60	0	2.00	18-08-2022 15:03	0	0
26	12867633	0xC4134D4f59947D3d36c01029845616B71C4206ef	1	1	40	1	60	0	2.00	18-08-2022 15:03	0	0
28	12867643	0xC4134D4f59947D3d36c01029845616B71C4206ef	1	1	40	1	60	0	2.00	18-08-2022 15:03	0	0
31	12867653	0xC4134D4f59947D3d36c01029845616B71C4206ef	1	1	40	1	60	0	1.00	18-08-2022 15:03	0	0
32	12867663	0xC4134D4f59947D3d36c01029845616B71C4206ef	1	1	40	1	60	0	1.00	18-08-2022 15:03	0	0
33	12867673	0xC4134D4f59947D3d36c01029845616B71C4206ef	1	1	40	1	60	0	1.00	18-08-2022 15:03	0	0
34	12867693	0xC4134D4f59947D3d36c01029845616B71C4206ef	1	1	40	1	60	0	1.00	18-08-2022 15:03	0	0
35	12867733	0xC4134D4f59947D3d36c01029845616B71C4206ef	1	1	40	1	60	0	1.00	18-08-2022 15:03	0	0
36	12867763	0xC4134D4f59947D3d36c01029845616B71C4206ef	1	1	40	1	60	0	1.00	18-08-2022 15:03	0	0
81	12938903	0x02B143Fe76f4F8C4A2E792311664d24759c49d52	1	1	40	1	60	0	2.00	18-08-2022 15:03	18-08-2022 15:04	1
75	12935943	0x02B143Fe76f4F8C4A2E792311664d24759c49d52	1	1	40	1	60	0	2.00	18-08-2022 15:03	0	0
82	12942683	0x02B143Fe76f4F8C4A2E792311664d24759c49d52	1	1	40	1	60	0	2.00	18-08-2022 15:03	18-08-2022 15:04	1
80	12937353	0xeEB40594ea57d5361b5A9f5FE87b3e2b23308459	1	1	40	1	60	0	2.00	18-08-2022 15:03	18-08-2022 15:04	1
79	12936553	0x02B143Fe76f4F8C4A2E792311664d24759c49d52	1	1	40	1	60	0	2.00	18-08-2022 15:03	18-08-2022 15:04	1
86	12950493	0xeEB40594ea57d5361b5A9f5FE87b3e2b23308459	1	1	40	1	60	0	2.00	18-08-2022 15:03	18-08-2022 15:04	1
88	12955393	0x02B143Fe76f4F8C4A2E792311664d24759c49d52	1	1	40	1	60	0	2.00	18-08-2022 15:03	18-08-2022 15:04	1
37	12867773	0xC4134D4f59947D3d36c01029845616B71C4206ef	1	1	40	1	60	0	1.00	18-08-2022 15:03	0	0
87	12952723	0x02B143Fe76f4F8C4A2E792311664d24759c49d52	1	1	40	1	60	0	2.00	18-08-2022 15:03	18-08-2022 15:04	1
83	12949853	0xC4134D4f59947D3d36c01029845616B71C4206ef	1	1	40	1	60	0	2.00	18-08-2022 15:03	18-08-2022 15:04	1
90	12962943	0x02B143Fe76f4F8C4A2E792311664d24759c49d52	1	1	40	1	60	0	2.00	18-08-2022 15:03	0	0
91	12963943	0xC4134D4f59947D3d36c01029845616B71C4206ef	1	1	40	1	60	0	2.00	18-08-2022 15:03	0	0
94	12964403	0x02B143Fe76f4F8C4A2E792311664d24759c49d52	1	1	40	1	60	0	2.00	18-08-2022 15:03	18-08-2022 15:04	1
38	12867803	0xC4134D4f59947D3d36c01029845616B71C4206ef	1	1	40	1	60	0	1.00	18-08-2022 15:03	0	0
39	12867823	0xeEB40594ea57d5361b5A9f5FE87b3e2b23308459	1	1	40	1	60	0	1.00	18-08-2022 15:03	0	0
96	12966543	0xff8C9e2E073882d676F72c06f9f7604eC3d8E01d	1	1	40	1	60	0	2.00	18-08-2022 15:03	18-08-2022 15:04	1
92	12964153	0x7D44D186792173B62F6C0FbFc459294aA2964830	1	1	40	1	60	0	2.00	18-08-2022 15:03	0	0
95	12966263	0xeEB40594ea57d5361b5A9f5FE87b3e2b23308459	1	1	40	1	60	0	2.00	18-08-2022 15:04	0	0
84	12950363	0x7D44D186792173B62F6C0FbFc459294aA2964830	1	1	40	1	60	0	2.00	18-08-2022 15:04	0	0
93	12964353	0xfe6851BCe8edf041adbb5C2134660816a4F8683D	1	1	40	1	60	0	2.00	18-08-2022 15:04	0	0
76	12936423	0xeceD2227f5f8522D887087F5BDBDFB2684Fd93e8	1	1	40	1	60	0	2.00	18-08-2022 15:04	0	0
85	12950463	0xfe6851BCe8edf041adbb5C2134660816a4F8683D	1	1	40	1	60	0	2.00	18-08-2022 15:04	0	0
127	13013703	0x02B143Fe76f4F8C4A2E792311664d24759c49d52	1	1	40	1	60	0	2.00	18-08-2022 15:04	18-08-2022 15:04	1
136	13019113	0x02B143Fe76f4F8C4A2E792311664d24759c49d52	1	1	40	1	60	0	2.00	18-08-2022 15:04	18-08-2022 15:04	1
131	13015073	0x02B143Fe76f4F8C4A2E792311664d24759c49d52	1	1	40	1	60	0	2.00	18-08-2022 15:04	18-08-2022 15:04	1
126	13012943	0xff8C9e2E073882d676F72c06f9f7604eC3d8E01d	1	1	40	1	60	0	2.00	18-08-2022 15:04	0	0
129	13014103	0xff8C9e2E073882d676F72c06f9f7604eC3d8E01d	1	1	40	1	60	0	2.00	18-08-2022 15:04	18-08-2022 15:04	1
133	13016463	0xC4134D4f59947D3d36c01029845616B71C4206ef	1	1	40	1	60	0	2.00	18-08-2022 15:04	18-08-2022 15:04	1
137	13023123	0xfe6851BCe8edf041adbb5C2134660816a4F8683D	1	1	40	1	60	0	2.00	18-08-2022 15:04	18-08-2022 15:04	1
135	13018723	0x7D44D186792173B62F6C0FbFc459294aA2964830	1	1	40	1	60	0	2.00	18-08-2022 15:04	18-08-2022 15:04	1
142	13032933	0xfe6851BCe8edf041adbb5C2134660816a4F8683D	1	1	40	1	60	0	2.00	18-08-2022 15:04	18-08-2022 15:04	1
139	13027033	0xeEB40594ea57d5361b5A9f5FE87b3e2b23308459	1	1	40	1	60	0	2.00	18-08-2022 15:04	18-08-2022 15:04	1
138	13026943	0x02B143Fe76f4F8C4A2E792311664d24759c49d52	1	1	40	1	60	0	2.00	18-08-2022 15:04	0	0
140	13030253	0xC4134D4f59947D3d36c01029845616B71C4206ef	1	1	40	1	60	0	2.00	18-08-2022 15:04	18-08-2022 15:04	1
144	13040773	0xeEB40594ea57d5361b5A9f5FE87b3e2b23308459	1	1	40	1	60	0	2.00	18-08-2022 15:04	18-08-2022 15:04	1
143	13039033	0x02B143Fe76f4F8C4A2E792311664d24759c49d52	1	1	40	1	60	0	2.00	18-08-2022 15:04	18-08-2022 15:04	1
146	13044943	0xC4134D4f59947D3d36c01029845616B71C4206ef	1	1	40	1	60	0	2.00	18-08-2022 15:04	0	0
130	13015003	0x33AAdB42B940ed41Df52E8Eb67483e22f238c588	1	1	40	1	60	0	2.00	18-08-2022 15:04	0	0
128	13014093	0x02B143Fe76f4F8C4A2E792311664d24759c49d52	1	1	40	1	60	0	2.00	18-08-2022 15:04	0	0
150	13054943	0x02B143Fe76f4F8C4A2E792311664d24759c49d52	1	1	40	1	60	0	2.00	18-08-2022 15:04	0	0
141	13032213	0x7D44D186792173B62F6C0FbFc459294aA2964830	1	1	40	1	60	0	2.00	18-08-2022 15:04	0	0
151	13054963	0xeEB40594ea57d5361b5A9f5FE87b3e2b23308459	1	1	40	1	60	0	2.00	18-08-2022 15:04	0	0
134	13018503	0x02B143Fe76f4F8C4A2E792311664d24759c49d52	1	1	40	1	60	0	2.00	18-08-2022 15:04	0	0
172	13092363	0xeEB40594ea57d5361b5A9f5FE87b3e2b23308459	1	1	40	1	60	0	2.00	18-08-2022 15:04	18-08-2022 15:04	1
171	13091943	0x7D44D186792173B62F6C0FbFc459294aA2964830	1	1	40	1	60	0	2.00	18-08-2022 15:04	0	0
176	13098003	0x7D44D186792173B62F6C0FbFc459294aA2964830	1	1	40	1	60	0	2.00	18-08-2022 15:04	18-08-2022 15:04	1
174	13096823	0xCD9c1785482F0C1A6d180cca049e46C8C338dF56	1	1	40	1	60	0	2.00	18-08-2022 15:04	18-08-2022 15:05	1
182	13113333	0x7D44D186792173B62F6C0FbFc459294aA2964830	1	1	40	1	60	0	2.00	18-08-2022 15:04	18-08-2022 15:04	1
178	13108063	0xeEB40594ea57d5361b5A9f5FE87b3e2b23308459	1	1	40	1	60	0	2.00	18-08-2022 15:04	18-08-2022 15:04	1
177	13107253	0xC4134D4f59947D3d36c01029845616B71C4206ef	1	1	40	1	60	0	2.00	18-08-2022 15:04	18-08-2022 15:04	1
181	13112903	0xeceD2227f5f8522D887087F5BDBDFB2684Fd93e8	1	1	40	1	60	0	2.00	18-08-2022 15:04	18-08-2022 15:05	1
180	13111743	0xCD9c1785482F0C1A6d180cca049e46C8C338dF56	1	1	40	1	60	0	2.00	18-08-2022 15:04	18-08-2022 15:04	1
175	13097983	0xCD9c1785482F0C1A6d180cca049e46C8C338dF56	1	1	40	1	60	0	2.00	18-08-2022 15:04	0	0
183	13122943	0xC4134D4f59947D3d36c01029845616B71C4206ef	1	1	40	1	60	0	2.00	18-08-2022 15:04	0	0
188	13132943	0xC4134D4f59947D3d36c01029845616B71C4206ef	1	1	40	1	60	0	2.00	18-08-2022 15:04	0	0
184	13123163	0x7D44D186792173B62F6C0FbFc459294aA2964830	1	1	40	1	60	0	2.00	18-08-2022 15:04	0	0
179	13111313	0xfe6851BCe8edf041adbb5C2134660816a4F8683D	1	1	40	1	60	0	2.00	18-08-2022 15:04	0	0
173	13096413	0xfe6851BCe8edf041adbb5C2134660816a4F8683D	1	1	40	1	60	0	2.00	18-08-2022 15:04	0	0
238	13166943	0xCD9c1785482F0C1A6d180cca049e46C8C338dF56	1	1	40	1	60	0	2.00	18-08-2022 15:05	0	0
240	13170243	0xeEB40594ea57d5361b5A9f5FE87b3e2b23308459	1	1	40	1	60	0	2.00	18-08-2022 15:05	18-08-2022 15:05	1
241	13171913	0x7D44D186792173B62F6C0FbFc459294aA2964830	1	1	40	1	60	0	2.00	18-08-2022 15:05	18-08-2022 15:05	1
242	13171953	0xeceD2227f5f8522D887087F5BDBDFB2684Fd93e8	1	1	40	1	60	0	2.00	18-08-2022 15:05	0	0
244	13174603	0x33AAdB42B940ed41Df52E8Eb67483e22f238c588	1	1	40	1	60	0	2.00	18-08-2022 15:05	18-08-2022 15:05	1
245	13184943	0xCD9c1785482F0C1A6d180cca049e46C8C338dF56	1	1	40	1	60	0	2.00	18-08-2022 15:05	0	0
250	13187483	0xfe6851BCe8edf041adbb5C2134660816a4F8683D	1	1	40	1	60	0	2.00	18-08-2022 15:05	18-08-2022 15:05	1
249	13186803	0xC4134D4f59947D3d36c01029845616B71C4206ef	1	1	40	1	60	0	2.00	18-08-2022 15:05	18-08-2022 15:05	1
251	13189473	0xCD9c1785482F0C1A6d180cca049e46C8C338dF56	1	1	40	1	60	0	2.00	18-08-2022 15:05	18-08-2022 15:05	1
247	13185333	0xeEB40594ea57d5361b5A9f5FE87b3e2b23308459	1	1	40	1	60	0	2.00	18-08-2022 15:05	18-08-2022 15:05	1
246	13184963	0x33AAdB42B940ed41Df52E8Eb67483e22f238c588	1	1	40	1	60	0	0.00	18-08-2022 15:05	0	0
239	13170183	0xC4134D4f59947D3d36c01029845616B71C4206ef	1	1	40	1	60	0	2.00	18-08-2022 15:05	0	0
260	13210943	0xff8C9e2E073882d676F72c06f9f7604eC3d8E01d	1	1	40	1	60	0	2.00	18-08-2022 15:05	0	0
252	13200183	0xff8C9e2E073882d676F72c06f9f7604eC3d8E01d	1	1	40	1	60	0	2.00	18-08-2022 15:05	0	0
243	13174483	0xfe6851BCe8edf041adbb5C2134660816a4F8683D	1	1	40	1	60	0	2.00	18-08-2022 15:05	0	0
248	13186733	0x7D44D186792173B62F6C0FbFc459294aA2964830	1	1	40	1	60	0	2.00	18-08-2022 15:05	0	0
282	13242943	0xCD9c1785482F0C1A6d180cca049e46C8C338dF56	1	1	40	1	60	0	2.00	18-08-2022 15:05	0	0
283	13246393	0xeEB40594ea57d5361b5A9f5FE87b3e2b23308459	1	1	40	1	60	0	2.00	18-08-2022 15:05	18-08-2022 15:05	1
285	13249483	0x7D44D186792173B62F6C0FbFc459294aA2964830	1	1	40	1	60	0	2.00	18-08-2022 15:05	18-08-2022 15:05	1
288	13251823	0xAe8408BE8e2F3Aadda3E7ba5CC67D843B0057dC0	1	1	40	1	60	0	2.00	18-08-2022 15:05	18-08-2022 15:05	1
286	13249963	0xfe6851BCe8edf041adbb5C2134660816a4F8683D	1	1	40	1	60	0	2.00	18-08-2022 15:05	18-08-2022 15:05	1
289	13252013	0x33AAdB42B940ed41Df52E8Eb67483e22f238c588	1	1	40	1	60	0	2.00	18-08-2022 15:05	18-08-2022 15:05	1
284	13248293	0x33AAdB42B940ed41Df52E8Eb67483e22f238c588	1	1	40	1	60	0	2.00	18-08-2022 15:05	18-08-2022 15:05	1
290	13259693	0x33AAdB42B940ed41Df52E8Eb67483e22f238c588	1	1	40	1	60	0	2.00	18-08-2022 15:05	18-08-2022 15:05	1
293	13262683	0xeEB40594ea57d5361b5A9f5FE87b3e2b23308459	1	1	40	1	60	0	2.00	18-08-2022 15:05	18-08-2022 15:05	1
292	13261783	0x02B143Fe76f4F8C4A2E792311664d24759c49d52	1	1	40	1	60	0	2.00	18-08-2022 15:05	18-08-2022 15:05	1
294	13263663	0x7D44D186792173B62F6C0FbFc459294aA2964830	1	1	40	1	60	0	2.00	18-08-2022 15:05	18-08-2022 15:05	1
297	13267353	0xC4134D4f59947D3d36c01029845616B71C4206ef	1	1	40	1	60	0	2.00	18-08-2022 15:05	18-08-2022 15:05	1
296	13266593	0xAe8408BE8e2F3Aadda3E7ba5CC67D843B0057dC0	1	1	40	1	60	0	2.00	18-08-2022 15:05	18-08-2022 15:05	1
295	13265313	0xfe6851BCe8edf041adbb5C2134660816a4F8683D	1	1	40	1	60	0	2.00	18-08-2022 15:05	18-08-2022 15:05	1
299	13276943	0xCD9c1785482F0C1A6d180cca049e46C8C338dF56	1	1	40	1	60	0	2.00	18-08-2022 15:05	0	0
300	13277123	0x02B143Fe76f4F8C4A2E792311664d24759c49d52	1	1	40	1	60	0	2.00	18-08-2022 15:05	0	0
306	13287943	0xC4134D4f59947D3d36c01029845616B71C4206ef	1	1	40	1	60	0	2.00	18-08-2022 15:05	0	0
287	13251253	0xC4134D4f59947D3d36c01029845616B71C4206ef	1	1	40	1	60	0	2.00	18-08-2022 15:05	0	0
291	13261373	0xCD9c1785482F0C1A6d180cca049e46C8C338dF56	1	1	40	1	60	0	2.00	18-08-2022 15:05	0	0
325	13317943	0xC4134D4f59947D3d36c01029845616B71C4206ef	1	1	40	1	60	0	2.00	18-08-2022 15:05	0	0
327	13323613	0xeEB40594ea57d5361b5A9f5FE87b3e2b23308459	1	1	40	1	60	0	2.00	18-08-2022 15:05	18-08-2022 15:06	1
326	13322943	0xfe6851BCe8edf041adbb5C2134660816a4F8683D	1	1	40	1	60	0	2.00	18-08-2022 15:05	0	0
332	13327253	0x7D44D186792173B62F6C0FbFc459294aA2964830	1	1	40	1	60	0	2.00	18-08-2022 15:05	18-08-2022 15:05	1
333	13328623	0xAe8408BE8e2F3Aadda3E7ba5CC67D843B0057dC0	1	1	40	1	60	0	2.00	18-08-2022 15:05	18-08-2022 15:06	1
331	13326943	0xCD9c1785482F0C1A6d180cca049e46C8C338dF56	1	1	40	1	60	0	2.00	18-08-2022 15:05	0	0
336	13329903	0x33AAdB42B940ed41Df52E8Eb67483e22f238c588	1	1	40	1	60	0	2.00	18-08-2022 15:05	18-08-2022 15:06	1
341	13338893	0xCD9c1785482F0C1A6d180cca049e46C8C338dF56	1	1	40	1	60	0	2.00	18-08-2022 15:05	18-08-2022 15:06	1
339	13335513	0xC4134D4f59947D3d36c01029845616B71C4206ef	1	1	40	1	60	0	2.00	18-08-2022 15:05	18-08-2022 15:06	1
343	13339493	0xCD9c1785482F0C1A6d180cca049e46C8C338dF56	1	1	40	1	60	0	2.00	18-08-2022 15:05	18-08-2022 15:06	1
345	13341793	0xff8C9e2E073882d676F72c06f9f7604eC3d8E01d	1	1	40	1	60	0	2.00	18-08-2022 15:05	18-08-2022 15:06	1
338	13334423	0xAe8408BE8e2F3Aadda3E7ba5CC67D843B0057dC0	1	1	40	1	60	0	2.00	18-08-2022 15:05	18-08-2022 15:06	1
340	13337713	0xfe6851BCe8edf041adbb5C2134660816a4F8683D	1	1	40	1	60	0	2.00	18-08-2022 15:05	18-08-2022 15:06	1
346	13342433	0x7D44D186792173B62F6C0FbFc459294aA2964830	1	1	40	1	60	0	2.00	18-08-2022 15:05	18-08-2022 15:06	1
347	13343903	0xeEB40594ea57d5361b5A9f5FE87b3e2b23308459	1	1	40	1	60	0	2.00	18-08-2022 15:05	18-08-2022 15:06	1
334	13328963	0xeEB40594ea57d5361b5A9f5FE87b3e2b23308459	1	1	40	1	60	0	2.00	18-08-2022 15:05	0	0
350	13349563	0xAe8408BE8e2F3Aadda3E7ba5CC67D843B0057dC0	1	1	40	1	60	0	2.00	18-08-2022 15:05	18-08-2022 15:06	1
349	13348943	0x33AAdB42B940ed41Df52E8Eb67483e22f238c588	1	1	40	1	60	0	2.00	18-08-2022 15:05	0	0
335	13328973	0x02B143Fe76f4F8C4A2E792311664d24759c49d52	1	1	40	1	60	0	2.00	18-08-2022 15:05	0	0
355	13352943	0xfe6851BCe8edf041adbb5C2134660816a4F8683D	1	1	40	1	60	0	2.00	18-08-2022 15:05	0	0
344	13340993	0x530d3708685a3f76b2675bb1B8c270C62986e0Ea	1	1	40	1	60	0	0.00	18-08-2022 15:05	0	0
356	13353833	0x05F0E49649120F21c21746363776C252B065873f	1	1	40	1	60	0	0.00	18-08-2022 15:05	18-08-2022 15:06	1
342	13339123	0xff8C9e2E073882d676F72c06f9f7604eC3d8E01d	1	1	40	1	60	0	2.00	18-08-2022 15:05	0	0
348	13344183	0x02B143Fe76f4F8C4A2E792311664d24759c49d52	1	1	40	1	60	0	2.00	18-08-2022 15:05	0	0
368	13364943	0xAe8408BE8e2F3Aadda3E7ba5CC67D843B0057dC0	1	1	40	1	60	0	2.00	18-08-2022 15:05	0	0
328	13325283	0x5AF052079105f87259B4f5ed2ab49C5D2524D10D	1	1	40	1	60	0	2.00	18-08-2022 15:05	0	0
337	13334273	0x33AAdB42B940ed41Df52E8Eb67483e22f238c588	1	1	40	1	60	0	2.00	18-08-2022 15:05	0	0
357	13355213	0x05F0E49649120F21c21746363776C252B065873f	1	1	40	1	60	0	2.00	18-08-2022 15:05	0	0
369	13365283	0xC4134D4f59947D3d36c01029845616B71C4206ef	1	1	40	1	60	0	2.00	18-08-2022 15:06	0	0
351	13350573	0x530d3708685a3f76b2675bb1B8c270C62986e0Ea	1	1	40	1	60	0	2.00	18-08-2022 15:06	0	0
358	13355533	0x05F0E49649120F21c21746363776C252B065873f	1	1	40	1	60	0	2.00	18-08-2022 15:06	0	0
359	13355583	0xCD9c1785482F0C1A6d180cca049e46C8C338dF56	1	1	40	1	60	0	2.00	18-08-2022 15:06	0	0
329	13325783	0x5AF052079105f87259B4f5ed2ab49C5D2524D10D	1	1	40	1	60	0	2.00	18-08-2022 15:06	0	0
352	13350753	0x530d3708685a3f76b2675bb1B8c270C62986e0Ea	1	1	40	1	60	0	0.00	18-08-2022 15:06	0	0
353	13350843	0x4e6A409ee20653dEaE6c3e1177e17Cd4e216406D	1	1	40	1	60	0	0.00	18-08-2022 15:06	0	0
419	13396943	0xBE71d8A7e0c338162F983Ae8505d25A566C0265F	1	1	40	1	60	0	2.00	18-08-2022 15:06	0	0
330	13325903	0x5AF052079105f87259B4f5ed2ab49C5D2524D10D	1	1	40	1	60	0	2.00	18-08-2022 15:06	0	0
424	13398943	0xaBdC8478af161b83a4E0F5E9d183126d15038321	1	1	40	1	60	0	2.00	18-08-2022 15:06	0	0
427	13400943	0x1af032cbc503dc38Ee468a8Ebd12Ad0bBFe56D01	1	1	40	1	60	0	2.00	18-08-2022 15:06	0	0
435	13404103	0x0959BfA42feda73a4d66F4b8F7232080914051e0	1	1	40	1	60	0	2.00	18-08-2022 15:06	18-08-2022 15:06	1
434	13402943	0xCD9c1785482F0C1A6d180cca049e46C8C338dF56	1	1	40	1	60	0	2.00	18-08-2022 15:06	0	0
453	13410843	0x4b742567f0784682E137412D20983e694b765D3d	1	1	40	1	60	0	2.00	18-08-2022 15:06	18-08-2022 15:06	1
458	13412743	0xff8C9e2E073882d676F72c06f9f7604eC3d8E01d	1	1	40	1	60	0	2.00	18-08-2022 15:06	18-08-2022 15:06	1
456	13411453	0x98FC094A0f9c0AF4eC45f5A250c9fb0109754D39	1	1	40	1	60	0	2.00	18-08-2022 15:06	18-08-2022 15:06	1
459	13414923	0xAe8408BE8e2F3Aadda3E7ba5CC67D843B0057dC0	1	1	40	1	60	0	2.00	18-08-2022 15:06	18-08-2022 15:06	1
464	13416353	0x02B143Fe76f4F8C4A2E792311664d24759c49d52	1	1	40	1	60	0	2.00	18-08-2022 15:06	18-08-2022 15:06	1
461	13415883	0x02B143Fe76f4F8C4A2E792311664d24759c49d52	1	1	40	1	60	0	2.00	18-08-2022 15:06	18-08-2022 15:06	1
449	13409863	0xfE798e9d4E926FadcB2e7A11e1bBB8e06bB8A606	1	1	40	1	60	0	2.00	18-08-2022 15:06	18-08-2022 15:06	1
443	13408843	0x3760136C716Ce64c389c5ab54A2b229F9B2df6Ed	1	1	40	1	60	0	2.00	18-08-2022 15:06	18-08-2022 15:06	1
436	13405333	0x33AAdB42B940ed41Df52E8Eb67483e22f238c588	1	1	40	1	60	0	2.00	18-08-2022 15:06	18-08-2022 15:06	1
439	13407933	0xeceD2227f5f8522D887087F5BDBDFB2684Fd93e8	1	1	40	1	60	0	2.00	18-08-2022 15:06	18-08-2022 15:06	1
476	13418433	0xeEB40594ea57d5361b5A9f5FE87b3e2b23308459	1	1	40	1	60	0	2.00	18-08-2022 15:06	18-08-2022 15:06	1
490	13426073	0x1af032cbc503dc38Ee468a8Ebd12Ad0bBFe56D01	1	1	40	1	60	0	2.00	18-08-2022 15:06	18-08-2022 15:06	1
478	13421753	0x33AAdB42B940ed41Df52E8Eb67483e22f238c588	1	1	40	1	60	0	0.00	18-08-2022 15:06	18-08-2022 15:06	1
486	13423773	0xaBdC8478af161b83a4E0F5E9d183126d15038321	1	1	40	1	60	0	2.00	18-08-2022 15:06	18-08-2022 15:06	1
488	13425773	0xaBdC8478af161b83a4E0F5E9d183126d15038321	1	1	40	1	60	0	2.00	18-08-2022 15:06	18-08-2022 15:06	1
483	13422783	0xe85495Bcd396A3F837efe11eCabA96ce95Bfc505	1	1	40	1	60	0	2.00	18-08-2022 15:06	18-08-2022 15:06	1
487	13424883	0x98FC094A0f9c0AF4eC45f5A250c9fb0109754D39	1	1	40	1	60	0	2.00	18-08-2022 15:06	18-08-2022 15:06	1
493	13430943	0xC4134D4f59947D3d36c01029845616B71C4206ef	1	1	40	1	60	0	2.00	18-08-2022 15:06	0	0
360	13355913	0xff8C9e2E073882d676F72c06f9f7604eC3d8E01d	1	1	40	1	60	0	2.00	18-08-2022 15:06	0	0
444	13409023	0x05F0E49649120F21c21746363776C252B065873f	1	1	40	1	60	0	2.00	18-08-2022 15:06	0	0
462	13416073	0x7D44D186792173B62F6C0FbFc459294aA2964830	1	1	40	1	60	0	2.00	18-08-2022 15:06	0	0
500	13435943	0x80eA27bd921E441F9331725dd4dad14Cb6019970	1	1	40	1	60	0	2.00	18-08-2022 15:06	0	0
489	13426063	0x98FC094A0f9c0AF4eC45f5A250c9fb0109754D39	1	1	40	1	60	0	2.00	18-08-2022 15:06	0	0
479	13422093	0xeEB40594ea57d5361b5A9f5FE87b3e2b23308459	1	1	40	1	60	0	2.00	18-08-2022 15:06	0	0
463	13416123	0x7dD8891d2511c62eD72f112AbF3E28378C3790Be	1	1	40	1	60	0	2.00	18-08-2022 15:06	0	0
454	13411143	0xfB8aAb6608E96E901630AD1D5de2c47C2710EAf1	1	1	40	1	60	0	2.00	18-08-2022 15:06	0	0
450	13410173	0xCD9c1785482F0C1A6d180cca049e46C8C338dF56	1	1	40	1	60	0	2.00	18-08-2022 15:06	0	0
445	13409173	0x5AF052079105f87259B4f5ed2ab49C5D2524D10D	1	1	40	1	60	0	2.00	18-08-2022 15:06	0	0
502	13441943	0xeEB40594ea57d5361b5A9f5FE87b3e2b23308459	1	1	40	1	60	0	2.00	18-08-2022 15:06	0	0
480	13422203	0xe85495Bcd396A3F837efe11eCabA96ce95Bfc505	1	1	40	1	60	0	2.00	18-08-2022 15:06	0	0
428	13401313	0x7dD8891d2511c62eD72f112AbF3E28378C3790Be	1	1	40	1	60	0	2.00	18-08-2022 15:06	0	0
440	13408253	0x3588961e12064434fc5417622fA9F73d2A54D483	1	1	40	1	60	0	2.00	18-08-2022 15:06	0	0
429	13401343	0x7D44D186792173B62F6C0FbFc459294aA2964830	1	1	40	1	60	0	2.00	18-08-2022 15:06	0	0
455	13411283	0xeEB40594ea57d5361b5A9f5FE87b3e2b23308459	1	1	40	1	60	0	2.00	18-08-2022 15:06	0	0
460	13415393	0x1af032cbc503dc38Ee468a8Ebd12Ad0bBFe56D01	1	1	40	1	60	0	2.00	18-08-2022 15:06	0	0
474	13418413	0x7dD8891d2511c62eD72f112AbF3E28378C3790Be	1	1	40	1	60	0	2.00	18-08-2022 15:06	0	0
475	13418423	0x1af032cbc503dc38Ee468a8Ebd12Ad0bBFe56D01	1	1	40	1	60	0	2.00	18-08-2022 15:06	0	0
457	13412453	0x98FC094A0f9c0AF4eC45f5A250c9fb0109754D39	1	1	40	1	60	0	2.00	18-08-2022 15:06	0	0
441	13408443	0xC952F89Ef6d0cA7C100095eA7908A1898F41bECE	1	1	40	1	60	0	2.00	18-08-2022 15:06	0	0
446	13409493	0x39A2fb46dB76423eA2383b3A31B11D2c6BB0ff02	1	1	40	1	60	0	2.00	18-08-2022 15:06	0	0
484	13423533	0xe85495Bcd396A3F837efe11eCabA96ce95Bfc505	1	1	40	1	60	0	2.00	18-08-2022 15:06	0	0
447	13409563	0x9de9a222b4453022A96dC3041EEf5686c82e0037	1	1	40	1	60	0	0.00	18-08-2022 15:06	0	0
442	13408553	0x809DF345212E2aa83D55DabA1b7cE33Fff5dae77	1	1	40	1	60	0	2.00	18-08-2022 15:06	0	0
420	13397693	0xf033F6D4f631734C5D4F6be5Bf407F0BfEE3eDDb	1	1	40	1	60	0	2.00	18-08-2022 15:06	0	0
477	13421613	0xe85495Bcd396A3F837efe11eCabA96ce95Bfc505	1	1	40	1	60	0	0.00	18-08-2022 15:06	0	0
437	13407643	0x5452712E2aF603df52493B59b6Ee879158D2Ff5e	1	1	40	1	60	0	2.00	18-08-2022 15:06	0	0
451	13410653	0xbe135A79E8573E891B01700A9f3F7F8f10D80A5e	1	1	40	1	60	0	2.00	18-08-2022 15:06	0	0
438	13407723	0x24CB0300c33FcBD47cdbC7e8db726A85E0632f6e	1	1	40	1	60	0	2.00	18-08-2022 15:06	0	0
481	13422703	0xe85495Bcd396A3F837efe11eCabA96ce95Bfc505	1	1	40	1	60	0	0.00	18-08-2022 15:06	0	0
485	13423763	0xeEB40594ea57d5361b5A9f5FE87b3e2b23308459	1	1	40	1	60	0	2.00	18-08-2022 15:06	0	0
452	13410793	0xbe135A79E8573E891B01700A9f3F7F8f10D80A5e	1	1	40	1	60	0	2.00	18-08-2022 15:06	0	0
501	13436663	0xeceD2227f5f8522D887087F5BDBDFB2684Fd93e8	1	1	40	1	60	0	2.00	18-08-2022 15:06	0	0
482	13422773	0xeEB40594ea57d5361b5A9f5FE87b3e2b23308459	1	1	40	1	60	0	2.00	18-08-2022 15:06	0	0
448	13409853	0xC4134D4f59947D3d36c01029845616B71C4206ef	1	1	40	1	60	0	2.00	18-08-2022 15:06	0	0
571	13473943	0x02B143Fe76f4F8C4A2E792311664d24759c49d52	1	1	40	1	60	0	2.00	18-08-2022 15:06	0	0
575	13475943	0x02B143Fe76f4F8C4A2E792311664d24759c49d52	1	1	40	1	60	0	2.00	18-08-2022 15:06	0	0
580	13477943	0x02B143Fe76f4F8C4A2E792311664d24759c49d52	1	1	40	1	60	0	2.00	18-08-2022 15:06	0	0
583	13480943	0x80eA27bd921E441F9331725dd4dad14Cb6019970	1	1	40	1	60	0	2.00	18-08-2022 15:06	0	0
582	13479943	0x02B143Fe76f4F8C4A2E792311664d24759c49d52	1	1	40	1	60	0	2.00	18-08-2022 15:06	0	0
584	13481263	0x02B143Fe76f4F8C4A2E792311664d24759c49d52	1	1	40	1	60	0	2.00	18-08-2022 15:06	18-08-2022 15:06	1
586	13484063	0x9c83A559eF83b720195560641D9f6b32358f511B	1	1	40	1	60	0	2.00	18-08-2022 15:06	18-08-2022 15:06	1
585	13483943	0x7dD8891d2511c62eD72f112AbF3E28378C3790Be	1	1	40	1	60	0	2.00	18-08-2022 15:06	0	0
593	13487743	0xe85495Bcd396A3F837efe11eCabA96ce95Bfc505	1	1	40	1	60	0	0.00	18-08-2022 15:06	18-08-2022 15:06	1
590	13486523	0xCD9c1785482F0C1A6d180cca049e46C8C338dF56	1	1	40	1	60	0	2.00	18-08-2022 15:06	18-08-2022 15:06	1
588	13485673	0xfe6851BCe8edf041adbb5C2134660816a4F8683D	1	1	40	1	60	0	2.00	18-08-2022 15:06	18-08-2022 15:06	1
600	13490823	0x021e1861Fee97E4BCAeFF6BE938b37fCb9A10B24	1	1	40	1	60	0	2.00	18-08-2022 15:06	18-08-2022 15:07	1
606	13494563	0xAe8408BE8e2F3Aadda3E7ba5CC67D843B0057dC0	1	1	40	1	60	0	2.00	18-08-2022 15:06	18-08-2022 15:06	1
603	13493743	0x02B143Fe76f4F8C4A2E792311664d24759c49d52	1	1	40	1	60	0	2.00	18-08-2022 15:06	18-08-2022 15:06	1
608	13495083	0xff8C9e2E073882d676F72c06f9f7604eC3d8E01d	1	1	40	1	60	0	2.00	18-08-2022 15:06	18-08-2022 15:06	1
596	13489943	0x5AF98AA3a9E0fAd60e3b6Fc7644f6fa144E7B894	1	1	40	1	60	0	2.00	18-08-2022 15:06	0	0
601	13492833	0x02B143Fe76f4F8C4A2E792311664d24759c49d52	1	1	40	1	60	0	2.00	18-08-2022 15:06	18-08-2022 15:06	1
591	13486953	0x02B143Fe76f4F8C4A2E792311664d24759c49d52	1	1	40	1	60	0	2.00	18-08-2022 15:06	0	0
611	13498943	0x02B143Fe76f4F8C4A2E792311664d24759c49d52	1	1	40	1	60	0	2.00	18-08-2022 15:06	0	0
613	13499493	0xfe6851BCe8edf041adbb5C2134660816a4F8683D	1	1	40	1	60	0	2.00	18-08-2022 15:06	18-08-2022 15:06	1
625	13502933	0xeceD2227f5f8522D887087F5BDBDFB2684Fd93e8	1	1	40	1	60	0	2.00	18-08-2022 15:06	18-08-2022 15:07	1
620	13501663	0x1af032cbc503dc38Ee468a8Ebd12Ad0bBFe56D01	1	1	40	1	60	0	2.00	18-08-2022 15:06	18-08-2022 15:06	1
616	13500773	0xff8C9e2E073882d676F72c06f9f7604eC3d8E01d	1	1	40	1	60	0	2.00	18-08-2022 15:06	18-08-2022 15:06	1
607	13494963	0x02B143Fe76f4F8C4A2E792311664d24759c49d52	1	1	40	1	60	0	2.00	18-08-2022 15:06	0	0
581	13478033	0x021e1861Fee97E4BCAeFF6BE938b37fCb9A10B24	1	1	40	1	60	0	2.00	18-08-2022 15:06	0	0
644	13506923	0x02B143Fe76f4F8C4A2E792311664d24759c49d52	1	1	40	1	60	0	2.00	18-08-2022 15:06	18-08-2022 15:07	1
633	13504943	0xaBdC8478af161b83a4E0F5E9d183126d15038321	1	1	40	1	60	0	2.00	18-08-2022 15:06	0	0
637	13505683	0x98FC094A0f9c0AF4eC45f5A250c9fb0109754D39	1	1	40	1	60	0	2.00	18-08-2022 15:06	18-08-2022 15:06	1
649	13508943	0xff8C9e2E073882d676F72c06f9f7604eC3d8E01d	1	1	40	1	60	0	2.00	18-08-2022 15:06	0	0
645	13506983	0xff8C9e2E073882d676F72c06f9f7604eC3d8E01d	1	1	40	1	60	0	2.00	18-08-2022 15:06	0	0
614	13500013	0x02B143Fe76f4F8C4A2E792311664d24759c49d52	1	1	40	1	60	0	2.00	18-08-2022 15:06	0	0
576	13476103	0xeceD2227f5f8522D887087F5BDBDFB2684Fd93e8	1	1	40	1	60	0	2.00	18-08-2022 15:06	0	0
617	13501013	0x02B143Fe76f4F8C4A2E792311664d24759c49d52	1	1	40	1	60	0	2.00	18-08-2022 15:06	0	0
604	13494033	0x02B143Fe76f4F8C4A2E792311664d24759c49d52	1	1	40	1	60	0	2.00	18-08-2022 15:06	0	0
612	13499043	0x7D44D186792173B62F6C0FbFc459294aA2964830	1	1	40	1	60	0	2.00	18-08-2022 15:06	0	0
635	13505043	0x02B143Fe76f4F8C4A2E792311664d24759c49d52	1	1	40	1	60	0	2.00	18-08-2022 15:06	0	0
656	13514943	0xff8C9e2E073882d676F72c06f9f7604eC3d8E01d	1	1	40	1	60	0	2.00	18-08-2022 15:06	0	0
638	13506073	0x02B143Fe76f4F8C4A2E792311664d24759c49d52	1	1	40	1	60	0	2.00	18-08-2022 15:06	0	0
572	13474253	0x7dD8891d2511c62eD72f112AbF3E28378C3790Be	1	1	40	1	60	0	2.00	18-08-2022 15:06	0	0
587	13485173	0x7D44D186792173B62F6C0FbFc459294aA2964830	1	1	40	1	60	0	2.00	18-08-2022 15:06	0	0
666	13518943	0x98FC094A0f9c0AF4eC45f5A250c9fb0109754D39	1	1	40	1	60	0	2.00	18-08-2022 15:06	0	0
621	13502173	0xff8C9e2E073882d676F72c06f9f7604eC3d8E01d	1	1	40	1	60	0	2.00	18-08-2022 15:06	0	0
589	13486233	0xC4134D4f59947D3d36c01029845616B71C4206ef	1	1	40	1	60	0	2.00	18-08-2022 15:06	0	0
626	13503193	0x02B143Fe76f4F8C4A2E792311664d24759c49d52	1	1	40	1	60	0	2.00	18-08-2022 15:06	0	0
639	13506193	0xaBdC8478af161b83a4E0F5E9d183126d15038321	1	1	40	1	60	0	2.00	18-08-2022 15:06	0	0
640	13506223	0x98FC094A0f9c0AF4eC45f5A250c9fb0109754D39	1	1	40	1	60	0	2.00	18-08-2022 15:06	0	0
594	13488423	0x1673bf9D8f7EC59F8C073Ef47c53A00e79f55DF6	1	1	40	1	60	0	2.00	18-08-2022 15:06	0	0
615	13500413	0xCD9c1785482F0C1A6d180cca049e46C8C338dF56	1	1	40	1	60	0	2.00	18-08-2022 15:06	0	0
573	13474553	0x3e794c1415ABfeAA6EbcC4b479dbc62c77d26096	1	1	40	1	60	0	2.00	18-08-2022 15:06	0	0
597	13490443	0xff8C9e2E073882d676F72c06f9f7604eC3d8E01d	1	1	40	1	60	0	2.00	18-08-2022 15:06	0	0
592	13487483	0x1af032cbc503dc38Ee468a8Ebd12Ad0bBFe56D01	1	1	40	1	60	0	2.00	18-08-2022 15:06	0	0
627	13503443	0x02B143Fe76f4F8C4A2E792311664d24759c49d52	1	1	40	1	60	0	2.00	18-08-2022 15:06	0	0
657	13515323	0x3e794c1415ABfeAA6EbcC4b479dbc62c77d26096	1	1	40	1	60	0	2.00	18-08-2022 15:06	0	0
598	13490503	0x80eA27bd921E441F9331725dd4dad14Cb6019970	1	1	40	1	60	0	0.00	18-08-2022 15:06	0	0
618	13501493	0x02B143Fe76f4F8C4A2E792311664d24759c49d52	1	1	40	1	60	0	2.00	18-08-2022 15:06	0	0
605	13494513	0x02B143Fe76f4F8C4A2E792311664d24759c49d52	1	1	40	1	60	0	2.00	18-08-2022 15:06	0	0
609	13497533	0x7dD8891d2511c62eD72f112AbF3E28378C3790Be	1	1	40	1	60	0	2.00	18-08-2022 15:06	0	0
628	13503563	0x02B143Fe76f4F8C4A2E792311664d24759c49d52	1	1	40	1	60	0	2.00	18-08-2022 15:06	0	0
636	13505553	0x02B143Fe76f4F8C4A2E792311664d24759c49d52	1	1	40	1	60	0	2.00	18-08-2022 15:06	0	0
602	13493613	0x02B143Fe76f4F8C4A2E792311664d24759c49d52	1	1	40	1	60	0	2.00	18-08-2022 15:06	0	0
574	13474783	0xff8C9e2E073882d676F72c06f9f7604eC3d8E01d	1	1	40	1	60	0	2.00	18-08-2022 15:06	0	0
641	13506593	0x02B143Fe76f4F8C4A2E792311664d24759c49d52	1	1	40	1	60	0	2.00	18-08-2022 15:06	0	0
622	13502693	0x02B143Fe76f4F8C4A2E792311664d24759c49d52	1	1	40	1	60	0	2.00	18-08-2022 15:06	0	0
646	13507663	0x02B143Fe76f4F8C4A2E792311664d24759c49d52	1	1	40	1	60	0	2.00	18-08-2022 15:06	0	0
658	13515553	0x9c83A559eF83b720195560641D9f6b32358f511B	1	1	40	1	60	0	2.00	18-08-2022 15:06	0	0
642	13506683	0x021e1861Fee97E4BCAeFF6BE938b37fCb9A10B24	1	1	40	1	60	0	2.00	18-08-2022 15:06	0	0
599	13490773	0x02B143Fe76f4F8C4A2E792311664d24759c49d52	1	1	40	1	60	0	2.00	18-08-2022 15:06	0	0
623	13502783	0x02B143Fe76f4F8C4A2E792311664d24759c49d52	1	1	40	1	60	0	2.00	18-08-2022 15:06	0	0
624	13502803	0x02B143Fe76f4F8C4A2E792311664d24759c49d52	1	1	40	1	60	0	2.00	18-08-2022 15:07	0	0
643	13506743	0x02B143Fe76f4F8C4A2E792311664d24759c49d52	1	1	40	1	60	0	2.00	18-08-2022 15:07	0	0
718	13550943	0xC4134D4f59947D3d36c01029845616B71C4206ef	1	1	40	1	60	0	2.00	18-08-2022 15:07	0	0
667	13519663	0xaBdC8478af161b83a4E0F5E9d183126d15038321	1	1	40	1	60	0	2.00	18-08-2022 15:07	0	0
720	13554943	0x47e2b725f1D5fF5adA869522F8Fcf95B30fdcc4E	1	1	40	1	60	0	2.00	18-08-2022 15:07	0	0
723	13555653	0x47e2b725f1D5fF5adA869522F8Fcf95B30fdcc4E	1	1	40	1	60	0	2.00	18-08-2022 15:07	18-08-2022 15:07	1
729	13558723	0x98FC094A0f9c0AF4eC45f5A250c9fb0109754D39	1	1	40	1	60	0	2.00	18-08-2022 15:07	18-08-2022 15:07	1
726	13557943	0x9c83A559eF83b720195560641D9f6b32358f511B	1	1	40	1	60	0	2.00	18-08-2022 15:07	0	0
650	13509883	0xCD9c1785482F0C1A6d180cca049e46C8C338dF56	1	1	40	1	60	0	2.00	18-08-2022 15:07	0	0
610	13497913	0x9c83A559eF83b720195560641D9f6b32358f511B	1	1	40	1	60	0	2.00	18-08-2022 15:07	0	0
668	13519733	0x98FC094A0f9c0AF4eC45f5A250c9fb0109754D39	1	1	40	1	60	0	2.00	18-08-2022 15:07	0	0
731	13559753	0x1673bf9D8f7EC59F8C073Ef47c53A00e79f55DF6	1	1	40	1	60	0	2.00	18-08-2022 15:07	18-08-2022 15:07	1
734	13562713	0xAe8408BE8e2F3Aadda3E7ba5CC67D843B0057dC0	1	1	40	1	60	0	2.00	18-08-2022 15:07	18-08-2022 15:07	1
735	13564043	0x7dD8891d2511c62eD72f112AbF3E28378C3790Be	1	1	40	1	60	0	2.00	18-08-2022 15:07	18-08-2022 15:07	1
727	13557963	0xfe6851BCe8edf041adbb5C2134660816a4F8683D	1	1	40	1	60	0	2.00	18-08-2022 15:07	0	0
741	13570553	0x1673bf9D8f7EC59F8C073Ef47c53A00e79f55DF6	1	1	40	1	60	0	2.00	18-08-2022 15:07	18-08-2022 15:07	1
737	13569193	0x39A2fb46dB76423eA2383b3A31B11D2c6BB0ff02	1	1	40	1	60	0	2.00	18-08-2022 15:07	18-08-2022 15:07	1
747	13572943	0x39A2fb46dB76423eA2383b3A31B11D2c6BB0ff02	1	1	40	1	60	0	2.00	18-08-2022 15:07	0	0
752	13575863	0x3e794c1415ABfeAA6EbcC4b479dbc62c77d26096	1	1	40	1	60	0	2.00	18-08-2022 15:07	18-08-2022 15:07	1
629	13503933	0x02B143Fe76f4F8C4A2E792311664d24759c49d52	1	1	40	1	60	0	2.00	18-08-2022 15:07	0	0
751	13573303	0x021e1861Fee97E4BCAeFF6BE938b37fCb9A10B24	1	1	40	1	60	0	2.00	18-08-2022 15:07	18-08-2022 15:07	1
754	13576423	0x7dD8891d2511c62eD72f112AbF3E28378C3790Be	1	1	40	1	60	0	2.00	18-08-2022 15:07	18-08-2022 15:07	1
760	13578953	0x47e2b725f1D5fF5adA869522F8Fcf95B30fdcc4E	1	1	40	1	60	0	2.00	18-08-2022 15:07	18-08-2022 15:07	1
761	13580193	0xeceD2227f5f8522D887087F5BDBDFB2684Fd93e8	1	1	40	1	60	0	2.00	18-08-2022 15:07	18-08-2022 15:07	1
728	13558003	0xCD9c1785482F0C1A6d180cca049e46C8C338dF56	1	1	40	1	60	0	2.00	18-08-2022 15:07	0	0
759	13578943	0xff8C9e2E073882d676F72c06f9f7604eC3d8E01d	1	1	40	1	60	0	2.00	18-08-2022 15:07	0	0
748	13572963	0x1673bf9D8f7EC59F8C073Ef47c53A00e79f55DF6	1	1	40	1	60	0	2.00	18-08-2022 15:07	0	0
769	13584633	0xbe135A79E8573E891B01700A9f3F7F8f10D80A5e	1	1	40	1	60	0	2.00	18-08-2022 15:07	18-08-2022 15:07	1
756	13576973	0xAe8408BE8e2F3Aadda3E7ba5CC67D843B0057dC0	1	1	40	1	60	0	2.00	18-08-2022 15:07	0	0
765	13582943	0xC4134D4f59947D3d36c01029845616B71C4206ef	1	1	40	1	60	0	2.00	18-08-2022 15:07	0	0
776	13585553	0xaBdC8478af161b83a4E0F5E9d183126d15038321	1	1	40	1	60	0	2.00	18-08-2022 15:07	18-08-2022 15:07	1
770	13584963	0xbe135A79E8573E891B01700A9f3F7F8f10D80A5e	1	1	40	1	60	0	0.00	18-08-2022 15:07	0	0
782	13588943	0x3e794c1415ABfeAA6EbcC4b479dbc62c77d26096	1	1	40	1	60	0	2.00	18-08-2022 15:07	0	0
732	13562093	0x021e1861Fee97E4BCAeFF6BE938b37fCb9A10B24	1	1	40	1	60	0	2.00	18-08-2022 15:07	0	0
766	13584013	0x39A2fb46dB76423eA2383b3A31B11D2c6BB0ff02	1	1	40	1	60	0	0.00	18-08-2022 15:07	0	0
742	13571113	0x7D44D186792173B62F6C0FbFc459294aA2964830	1	1	40	1	60	0	2.00	18-08-2022 15:07	0	0
785	13593943	0x47e2b725f1D5fF5adA869522F8Fcf95B30fdcc4E	1	1	40	1	60	0	2.00	18-08-2022 15:07	0	0
736	13569163	0xff8C9e2E073882d676F72c06f9f7604eC3d8E01d	1	1	40	1	60	0	2.00	18-08-2022 15:07	0	0
738	13570153	0xC4134D4f59947D3d36c01029845616B71C4206ef	1	1	40	1	60	0	2.00	18-08-2022 15:07	0	0
794	13596943	0x5452712E2aF603df52493B59b6Ee879158D2Ff5e	1	1	40	1	60	0	0.00	18-08-2022 15:07	0	0
771	13585133	0x7D44D186792173B62F6C0FbFc459294aA2964830	1	1	40	1	60	0	2.00	18-08-2022 15:07	0	0
733	13562213	0x3e794c1415ABfeAA6EbcC4b479dbc62c77d26096	1	1	40	1	60	0	2.00	18-08-2022 15:07	0	0
795	13596983	0x3b51f01295f4D4342ABA396B47C4e23F64dB1d77	1	1	40	1	60	0	2.00	18-08-2022 15:07	0	0
749	13573193	0x1673bf9D8f7EC59F8C073Ef47c53A00e79f55DF6	1	1	40	1	60	0	2.00	18-08-2022 15:07	0	0
739	13570233	0x1673bf9D8f7EC59F8C073Ef47c53A00e79f55DF6	1	1	40	1	60	0	2.00	18-08-2022 15:07	0	0
750	13573233	0x5AF98AA3a9E0fAd60e3b6Fc7644f6fa144E7B894	1	1	40	1	60	0	2.00	18-08-2022 15:07	0	0
753	13576293	0x7dD8891d2511c62eD72f112AbF3E28378C3790Be	1	1	40	1	60	0	2.00	18-08-2022 15:07	0	0
743	13571363	0x9c83A559eF83b720195560641D9f6b32358f511B	1	1	40	1	60	0	2.00	18-08-2022 15:07	0	0
740	13570363	0x47e2b725f1D5fF5adA869522F8Fcf95B30fdcc4E	1	1	40	1	60	0	2.00	18-08-2022 15:07	0	0
773	13585343	0x9c83A559eF83b720195560641D9f6b32358f511B	1	1	40	1	60	0	2.00	18-08-2022 15:07	0	0
774	13585363	0xfe6851BCe8edf041adbb5C2134660816a4F8683D	1	1	40	1	60	0	2.00	18-08-2022 15:07	0	0
721	13555503	0x7dD8891d2511c62eD72f112AbF3E28378C3790Be	1	1	40	1	60	0	2.00	18-08-2022 15:07	0	0
719	13551583	0xff8C9e2E073882d676F72c06f9f7604eC3d8E01d	1	1	40	1	60	0	2.00	18-08-2022 15:07	0	0
722	13555513	0xff8C9e2E073882d676F72c06f9f7604eC3d8E01d	1	1	40	1	60	0	2.00	18-08-2022 15:07	0	0
744	13571453	0xfe6851BCe8edf041adbb5C2134660816a4F8683D	1	1	40	1	60	0	2.00	18-08-2022 15:07	0	0
775	13585423	0x021e1861Fee97E4BCAeFF6BE938b37fCb9A10B24	1	1	40	1	60	0	2.00	18-08-2022 15:07	0	0
745	13571503	0xCD9c1785482F0C1A6d180cca049e46C8C338dF56	1	1	40	1	60	0	2.00	18-08-2022 15:07	0	0
767	13584453	0xbe135A79E8573E891B01700A9f3F7F8f10D80A5e	1	1	40	1	60	0	2.00	18-08-2022 15:07	0	0
796	13597393	0xff8C9e2E073882d676F72c06f9f7604eC3d8E01d	1	1	40	1	60	0	2.00	18-08-2022 15:07	0	0
786	13594453	0x80eA27bd921E441F9331725dd4dad14Cb6019970	1	1	40	1	60	0	2.00	18-08-2022 15:07	0	0
730	13559693	0x5AF98AA3a9E0fAd60e3b6Fc7644f6fa144E7B894	1	1	40	1	60	0	2.00	18-08-2022 15:07	0	0
768	13584573	0x7125bddBB047FfC17224F49B81184Bda511533f2	1	1	40	1	60	0	2.00	18-08-2022 15:07	0	0
798	13597453	0xC4134D4f59947D3d36c01029845616B71C4206ef	1	1	40	1	60	0	2.00	18-08-2022 15:07	0	0
757	13577713	0x39A2fb46dB76423eA2383b3A31B11D2c6BB0ff02	1	1	40	1	60	0	2.00	18-08-2022 15:07	0	0
777	13586663	0xCD9c1785482F0C1A6d180cca049e46C8C338dF56	1	1	40	1	60	0	2.00	18-08-2022 15:07	0	0
762	13581743	0x7dD8891d2511c62eD72f112AbF3E28378C3790Be	1	1	40	1	60	0	2.00	18-08-2022 15:07	0	0
758	13577753	0x39A2fb46dB76423eA2383b3A31B11D2c6BB0ff02	1	1	40	1	60	0	2.00	18-08-2022 15:07	0	0
724	13556883	0x3e794c1415ABfeAA6EbcC4b479dbc62c77d26096	1	1	40	1	60	0	2.00	18-08-2022 15:07	0	0
778	13586743	0xaBdC8478af161b83a4E0F5E9d183126d15038321	1	1	40	1	60	0	2.00	18-08-2022 15:07	0	0
896	13628943	0x1673bf9D8f7EC59F8C073Ef47c53A00e79f55DF6	1	1	40	1	60	0	2.00	18-08-2022 15:07	0	0
763	13581893	0x39A2fb46dB76423eA2383b3A31B11D2c6BB0ff02	1	1	40	1	60	0	2.00	18-08-2022 15:07	0	0
905	13633723	0xff8C9e2E073882d676F72c06f9f7604eC3d8E01d	1	1	40	1	60	0	2.00	18-08-2022 15:07	18-08-2022 15:07	1
902	13632943	0xcA9A710d2cB3af0e189821065E486880Fc676f80	1	1	40	1	60	0	2.00	18-08-2022 15:07	0	0
908	13636433	0xeEB40594ea57d5361b5A9f5FE87b3e2b23308459	1	1	40	1	60	0	2.00	18-08-2022 15:07	18-08-2022 15:07	1
906	13635943	0x0013BCE0466a9482ccdB888B341aca22051081Fa	1	1	40	1	60	0	2.00	18-08-2022 15:07	0	0
764	13581903	0x39A2fb46dB76423eA2383b3A31B11D2c6BB0ff02	1	1	40	1	60	0	2.00	18-08-2022 15:07	0	0
922	13638943	0x3e794c1415ABfeAA6EbcC4b479dbc62c77d26096	1	1	40	1	60	0	2.00	18-08-2022 15:07	0	0
946	13642783	0x0959BfA42feda73a4d66F4b8F7232080914051e0	1	1	40	1	60	0	2.00	18-08-2022 15:07	18-08-2022 15:07	1
932	13640683	0xff8C9e2E073882d676F72c06f9f7604eC3d8E01d	1	1	40	1	60	0	2.00	18-08-2022 15:07	18-08-2022 15:07	1
949	13644333	0x7D44D186792173B62F6C0FbFc459294aA2964830	1	1	40	1	60	0	2.00	18-08-2022 15:07	18-08-2022 15:07	1
948	13643083	0x5AF98AA3a9E0fAd60e3b6Fc7644f6fa144E7B894	1	1	40	1	60	0	2.00	18-08-2022 15:07	18-08-2022 15:07	1
928	13639893	0x11bDD37639CFF5a223B72a327887475Ad11Abcf2	1	1	40	1	60	0	2.00	18-08-2022 15:07	18-08-2022 15:07	1
933	13641893	0xD25313e42C1b0d04f22D69904ff25859A19F2886	1	1	40	1	60	0	2.00	18-08-2022 15:07	18-08-2022 15:07	1
953	13646943	0xe470bED5785b348399eA3F0A6213E3c8C733cc23	1	1	40	1	60	0	2.00	18-08-2022 15:07	0	0
959	13650893	0x0013BCE0466a9482ccdB888B341aca22051081Fa	1	1	40	1	60	0	2.00	18-08-2022 15:07	18-08-2022 15:07	1
957	13649943	0xB805817679d79679Aba8254b9f6070F47f67fdF3	1	1	40	1	60	0	2.00	18-08-2022 15:07	0	0
947	13642973	0x1af032cbc503dc38Ee468a8Ebd12Ad0bBFe56D01	1	1	40	1	60	0	2.00	18-08-2022 15:07	0	0
999	13654943	0x1673bf9D8f7EC59F8C073Ef47c53A00e79f55DF6	1	1	40	1	60	0	2.00	18-08-2022 15:07	0	0
1000	13655573	0x60fac2eB8D013760a3026939738a9E1776c3d6C0	1	1	40	1	60	0	2.00	18-08-2022 15:07	18-08-2022 15:07	1
1002	13660943	0xAe8408BE8e2F3Aadda3E7ba5CC67D843B0057dC0	1	1	40	1	60	0	1.00	18-08-2022 15:07	0	0
929	13640013	0x511D522094aB6212b96E4d6533BE9B070fa944Dd	1	1	40	1	60	0	2.00	18-08-2022 15:07	0	0
799	13597813	0xd0bB6Dc33cE25F6758727DD7032B92c487dcDC34	1	1	40	1	60	0	2.00	18-08-2022 15:07	0	0
923	13639063	0xff8C9e2E073882d676F72c06f9f7604eC3d8E01d	1	1	40	1	60	0	2.00	18-08-2022 15:07	0	0
1010	13664943	0xe470bED5785b348399eA3F0A6213E3c8C733cc23	1	1	40	1	60	0	2.00	18-08-2022 15:07	0	0
907	13636083	0xB805817679d79679Aba8254b9f6070F47f67fdF3	1	1	40	1	60	0	2.00	18-08-2022 15:07	0	0
930	13640053	0x3b51f01295f4D4342ABA396B47C4e23F64dB1d77	1	1	40	1	60	0	2.00	18-08-2022 15:07	0	0
1036	13666943	0x42e0886Bb6188742a74060527FD7fD0cDF9Df922	1	1	40	1	60	0	2.00	18-08-2022 15:07	0	0
909	13637113	0xe470bED5785b348399eA3F0A6213E3c8C733cc23	1	1	40	1	60	0	2.00	18-08-2022 15:07	0	0
1048	13668943	0x60fac2eB8D013760a3026939738a9E1776c3d6C0	1	1	40	1	60	0	0.00	18-08-2022 15:07	0	0
934	13642133	0x42e0886Bb6188742a74060527FD7fD0cDF9Df922	1	1	40	1	60	0	1.00	18-08-2022 15:07	0	0
910	13637163	0xff8C9e2E073882d676F72c06f9f7604eC3d8E01d	1	1	40	1	60	0	2.00	18-08-2022 15:07	0	0
1057	13672943	0x0C882BC68Bcbb9785b494DdE518b7087E30203Cd	1	1	40	1	60	0	1.00	18-08-2022 15:07	0	0
897	13629293	0xe470bED5785b348399eA3F0A6213E3c8C733cc23	1	1	40	1	60	0	2.00	18-08-2022 15:07	0	0
924	13639193	0xcA9A710d2cB3af0e189821065E486880Fc676f80	1	1	40	1	60	0	2.00	18-08-2022 15:07	0	0
911	13637223	0x60fac2eB8D013760a3026939738a9E1776c3d6C0	1	1	40	1	60	0	2.00	18-08-2022 15:07	0	0
1063	13676943	0xe470bED5785b348399eA3F0A6213E3c8C733cc23	1	1	40	1	60	0	2.00	18-08-2022 15:07	0	0
935	13642223	0x98FC094A0f9c0AF4eC45f5A250c9fb0109754D39	1	1	40	1	60	0	2.00	18-08-2022 15:07	0	0
960	13651213	0xeEB40594ea57d5361b5A9f5FE87b3e2b23308459	1	1	40	1	60	0	2.00	18-08-2022 15:07	0	0
1064	13676953	0x11bDD37639CFF5a223B72a327887475Ad11Abcf2	1	1	40	1	60	0	2.00	18-08-2022 15:07	0	0
1049	13669103	0x42e0886Bb6188742a74060527FD7fD0cDF9Df922	1	1	40	1	60	0	2.00	18-08-2022 15:07	0	0
1011	13665153	0x0C882BC68Bcbb9785b494DdE518b7087E30203Cd	1	1	40	1	60	0	1.00	18-08-2022 15:07	0	0
936	13642253	0xaBdC8478af161b83a4E0F5E9d183126d15038321	1	1	40	1	60	0	2.00	18-08-2022 15:07	0	0
912	13637333	0x97f6AA4E23436625380Ef073ed12E870CaaDCCCF	1	1	40	1	60	0	2.00	18-08-2022 15:07	0	0
937	13642303	0x9c83A559eF83b720195560641D9f6b32358f511B	1	1	40	1	60	0	2.00	18-08-2022 15:07	0	0
1065	13677043	0x511D522094aB6212b96E4d6533BE9B070fa944Dd	1	1	40	1	60	0	2.00	18-08-2022 15:07	0	0
1037	13667213	0x2860F4bEAD7c1074c15b6f102AC9dAF2034528cd	1	1	40	1	60	0	2.00	18-08-2022 15:07	0	0
1066	13677073	0xe470bED5785b348399eA3F0A6213E3c8C733cc23	1	1	40	1	60	0	2.00	18-08-2022 15:07	0	0
903	13633433	0x511D522094aB6212b96E4d6533BE9B070fa944Dd	1	1	40	1	60	0	2.00	18-08-2022 15:07	0	0
1012	13665283	0xC3cD281897C136dc879b1dF5B33517b1149e2076	1	1	40	1	60	0	2.00	18-08-2022 15:07	0	0
961	13651403	0x97f6AA4E23436625380Ef073ed12E870CaaDCCCF	1	1	40	1	60	0	2.00	18-08-2022 15:07	0	0
1013	13665393	0xe470bED5785b348399eA3F0A6213E3c8C733cc23	1	1	40	1	60	0	2.00	18-08-2022 15:07	0	0
904	13633563	0x11bDD37639CFF5a223B72a327887475Ad11Abcf2	1	1	40	1	60	0	2.00	18-08-2022 15:07	0	0
967	13651463	0x9c83A559eF83b720195560641D9f6b32358f511B	1	1	40	1	60	0	2.00	18-08-2022 15:07	0	0
938	13642483	0x938EA0A6671C870d167B39c8d7aA5C54146813AF	1	1	40	1	60	0	2.00	18-08-2022 15:07	0	0
978	13651473	0xd0bB6Dc33cE25F6758727DD7032B92c487dcDC34	1	1	40	1	60	0	2.00	18-08-2022 15:07	0	0
979	13651483	0x1673bf9D8f7EC59F8C073Ef47c53A00e79f55DF6	1	1	40	1	60	0	2.00	18-08-2022 15:07	0	0
1042	13667423	0x511D522094aB6212b96E4d6533BE9B070fa944Dd	1	1	40	1	60	0	2.00	18-08-2022 15:07	0	0
980	13651493	0x60fac2eB8D013760a3026939738a9E1776c3d6C0	1	1	40	1	60	0	2.00	18-08-2022 15:07	0	0
985	13651503	0x0013BCE0466a9482ccdB888B341aca22051081Fa	1	1	40	1	60	0	2.00	18-08-2022 15:07	0	0
1043	13667453	0x3e794c1415ABfeAA6EbcC4b479dbc62c77d26096	1	1	40	1	60	0	2.00	18-08-2022 15:07	0	0
939	13642553	0x42e0886Bb6188742a74060527FD7fD0cDF9Df922	1	1	40	1	60	0	2.00	18-08-2022 15:07	0	0
987	13651513	0x42e0886Bb6188742a74060527FD7fD0cDF9Df922	1	1	40	1	60	0	2.00	18-08-2022 15:07	0	0
1014	13665483	0xC3cD281897C136dc879b1dF5B33517b1149e2076	1	1	40	1	60	0	2.00	18-08-2022 15:07	0	0
931	13640643	0xfe6851BCe8edf041adbb5C2134660816a4F8683D	1	1	40	1	60	0	2.00	18-08-2022 15:07	0	0
988	13651523	0x2860F4bEAD7c1074c15b6f102AC9dAF2034528cd	1	1	40	1	60	0	2.00	18-08-2022 15:07	0	0
940	13642573	0xCD9c1785482F0C1A6d180cca049e46C8C338dF56	1	1	40	1	60	0	2.00	18-08-2022 15:07	0	0
954	13648683	0x60fac2eB8D013760a3026939738a9E1776c3d6C0	1	1	40	1	60	0	2.00	18-08-2022 15:07	0	0
989	13651543	0xe470bED5785b348399eA3F0A6213E3c8C733cc23	1	1	40	1	60	0	2.00	18-08-2022 15:07	0	0
941	13642613	0xC4134D4f59947D3d36c01029845616B71C4206ef	1	1	40	1	60	0	2.00	18-08-2022 15:07	0	0
1050	13669543	0x1673bf9D8f7EC59F8C073Ef47c53A00e79f55DF6	1	1	40	1	60	0	2.00	18-08-2022 15:07	0	0
925	13639753	0x938EA0A6671C870d167B39c8d7aA5C54146813AF	1	1	40	1	60	0	1.00	18-08-2022 15:07	0	0
958	13650733	0xf033F6D4f631734C5D4F6be5Bf407F0BfEE3eDDb	1	1	40	1	60	0	2.00	18-08-2022 15:07	0	0
990	13651623	0x938EA0A6671C870d167B39c8d7aA5C54146813AF	1	1	40	1	60	0	2.00	18-08-2022 15:07	0	0
942	13642683	0x2860F4bEAD7c1074c15b6f102AC9dAF2034528cd	1	1	40	1	60	0	2.00	18-08-2022 15:07	0	0
1015	13665643	0xC4134D4f59947D3d36c01029845616B71C4206ef	1	1	40	1	60	0	1.00	18-08-2022 15:07	0	0
926	13639803	0x7125bddBB047FfC17224F49B81184Bda511533f2	1	1	40	1	60	0	2.00	18-08-2022 15:07	0	0
1204	13707943	0x3a15923b85d513C092b1EA408b03f52c474F3767	1	1	40	1	60	0	2.00	18-08-2022 15:07	0	0
1016	13665673	0xD25313e42C1b0d04f22D69904ff25859A19F2886	1	1	40	1	60	0	2.00	18-08-2022 15:07	0	0
943	13642743	0xAe8408BE8e2F3Aadda3E7ba5CC67D843B0057dC0	1	1	40	1	60	0	2.00	18-08-2022 15:07	0	0
1058	13673643	0xC4134D4f59947D3d36c01029845616B71C4206ef	1	1	40	1	60	0	1.00	18-08-2022 15:07	0	0
1067	13677553	0x42e0886Bb6188742a74060527FD7fD0cDF9Df922	1	1	40	1	60	0	2.00	18-08-2022 15:07	0	0
991	13651713	0xeceD2227f5f8522D887087F5BDBDFB2684Fd93e8	1	1	40	1	60	0	2.00	18-08-2022 15:07	0	0
944	13642763	0x021e1861Fee97E4BCAeFF6BE938b37fCb9A10B24	1	1	40	1	60	0	2.00	18-08-2022 15:07	0	0
1205	13707983	0x74D8BF24AFa6d35cf48480b58104B13F74A10DEf	1	1	40	1	60	0	2.00	18-08-2022 15:07	0	0
1234	13710943	0x34aCDC5b0Ded3D8Ec5034D2628d8a66012A6F265	1	1	40	1	60	0	2.00	18-08-2022 15:07	0	0
945	13642773	0x7D44D186792173B62F6C0FbFc459294aA2964830	1	1	40	1	60	0	2.00	18-08-2022 15:07	0	0
927	13639883	0x60fac2eB8D013760a3026939738a9E1776c3d6C0	1	1	40	1	60	0	2.00	18-08-2022 15:07	0	0
1044	13667753	0x24CB0300c33FcBD47cdbC7e8db726A85E0632f6e	1	1	40	1	60	0	2.00	18-08-2022 15:07	0	0
1018	13665753	0xeEB40594ea57d5361b5A9f5FE87b3e2b23308459	1	1	40	1	60	0	1.00	18-08-2022 15:07	0	0
1263	13717663	0x0959BfA42feda73a4d66F4b8F7232080914051e0	1	1	40	1	60	0	2.00	18-08-2022 15:07	18-08-2022 15:08	1
1247	13714943	0xe470bED5785b348399eA3F0A6213E3c8C733cc23	1	1	40	1	60	0	2.00	18-08-2022 15:07	0	0
1260	13716493	0x1673bf9D8f7EC59F8C073Ef47c53A00e79f55DF6	1	1	40	1	60	0	2.00	18-08-2022 15:07	18-08-2022 15:08	1
1257	13715933	0x7125bddBB047FfC17224F49B81184Bda511533f2	1	1	40	1	60	0	2.00	18-08-2022 15:07	18-08-2022 15:08	1
1019	13665773	0x5AF98AA3a9E0fAd60e3b6Fc7644f6fa144E7B894	1	1	40	1	60	0	1.00	18-08-2022 15:07	0	0
1291	13722933	0x021e1861Fee97E4BCAeFF6BE938b37fCb9A10B24	1	1	40	1	60	0	2.00	18-08-2022 15:07	18-08-2022 15:08	1
1278	13721073	0x6c8E9dc4B57564B92b6B58C80758dFfaEEdEbf33	1	1	40	1	60	0	2.00	18-08-2022 15:07	18-08-2022 15:07	1
1277	13720843	0xB805817679d79679Aba8254b9f6070F47f67fdF3	1	1	40	1	60	0	2.00	18-08-2022 15:07	18-08-2022 15:08	1
1271	13719943	0x1af032cbc503dc38Ee468a8Ebd12Ad0bBFe56D01	1	1	40	1	60	0	2.00	18-08-2022 15:07	0	0
1021	13665783	0xfe6851BCe8edf041adbb5C2134660816a4F8683D	1	1	40	1	60	0	2.00	18-08-2022 15:07	0	0
1292	13722953	0x11bDD37639CFF5a223B72a327887475Ad11Abcf2	1	1	40	1	60	0	2.00	18-08-2022 15:07	0	0
1320	13724943	0x11bDD37639CFF5a223B72a327887475Ad11Abcf2	1	1	40	1	60	0	2.00	18-08-2022 15:07	0	0
1327	13725743	0x57F30F0737f0B7B7151A51780F73214ebaC63FaA	1	1	40	1	60	0	2.00	18-08-2022 15:07	18-08-2022 15:08	1
992	13651823	0x98FC094A0f9c0AF4eC45f5A250c9fb0109754D39	1	1	40	1	60	0	2.00	18-08-2022 15:07	0	0
1005	13661933	0x9c83A559eF83b720195560641D9f6b32358f511B	1	1	40	1	60	0	1.00	18-08-2022 15:07	0	0
1022	13665803	0x021e1861Fee97E4BCAeFF6BE938b37fCb9A10B24	1	1	40	1	60	0	2.00	18-08-2022 15:07	0	0
1415	13728943	0xf14bFAC783D378855cf1252f912f5dFA786df850	1	1	40	1	60	0	2.00	18-08-2022 15:07	0	0
1378	13727943	0xf14bFAC783D378855cf1252f912f5dFA786df850	1	1	40	1	60	0	2.00	18-08-2022 15:07	0	0
1451	13729943	0xC3cD281897C136dc879b1dF5B33517b1149e2076	1	1	40	1	60	0	2.00	18-08-2022 15:07	0	0
1024	13665813	0x2860F4bEAD7c1074c15b6f102AC9dAF2034528cd	1	1	40	1	60	0	2.00	18-08-2022 15:07	0	0
1452	13729953	0xf14bFAC783D378855cf1252f912f5dFA786df850	1	1	40	1	60	0	2.00	18-08-2022 15:07	0	0
1514	13733943	0x47e2b725f1D5fF5adA869522F8Fcf95B30fdcc4E	1	1	40	1	60	0	2.00	18-08-2022 15:07	0	0
1481	13731943	0x47e2b725f1D5fF5adA869522F8Fcf95B30fdcc4E	1	1	40	1	60	0	2.00	18-08-2022 15:07	0	0
1488	13732853	0xC952F89Ef6d0cA7C100095eA7908A1898F41bECE	1	1	40	1	60	0	2.00	18-08-2022 15:07	18-08-2022 15:08	1
1548	13734923	0x44450A2545DCbE3aaEf4d01FA6E922C9E029da41	1	1	40	1	60	0	2.00	18-08-2022 15:07	18-08-2022 15:08	1
1328	13725973	0x11bDD37639CFF5a223B72a327887475Ad11Abcf2	1	1	40	1	60	0	2.00	18-08-2022 15:07	0	0
1293	13723003	0x7125bddBB047FfC17224F49B81184Bda511533f2	1	1	40	1	60	0	2.00	18-08-2022 15:07	0	0
1279	13722013	0xacc70D928d4B373178C1DD67AF90293d3B0C0B44	1	1	40	1	60	0	2.00	18-08-2022 15:07	0	0
1416	13728973	0xf14bFAC783D378855cf1252f912f5dFA786df850	1	1	40	1	60	0	2.00	18-08-2022 15:07	0	0
1380	13727973	0xf14bFAC783D378855cf1252f912f5dFA786df850	1	1	40	1	60	0	2.00	18-08-2022 15:07	0	0
1614	13738663	0x1673bf9D8f7EC59F8C073Ef47c53A00e79f55DF6	1	1	40	1	60	0	2.00	18-08-2022 15:07	18-08-2022 15:08	1
1601	13736943	0x021e1861Fee97E4BCAeFF6BE938b37fCb9A10B24	1	1	40	1	60	0	2.00	18-08-2022 15:07	0	0
1608	13737833	0xd0bB6Dc33cE25F6758727DD7032B92c487dcDC34	1	1	40	1	60	0	2.00	18-08-2022 15:07	18-08-2022 15:08	1
1265	13718033	0xe470bED5785b348399eA3F0A6213E3c8C733cc23	1	1	40	1	60	0	2.00	18-08-2022 15:07	0	0
1549	13734963	0x0Fde7C81C18cd4f2d57ee81992Bcf9859479aab2	1	1	40	1	60	0	2.00	18-08-2022 15:07	0	0
1025	13665823	0x7D44D186792173B62F6C0FbFc459294aA2964830	1	1	40	1	60	0	2.00	18-08-2022 15:07	0	0
994	13651873	0xf033F6D4f631734C5D4F6be5Bf407F0BfEE3eDDb	1	1	40	1	60	0	2.00	18-08-2022 15:07	0	0
1453	13729973	0xf14bFAC783D378855cf1252f912f5dFA786df850	1	1	40	1	60	0	2.00	18-08-2022 15:07	0	0
1515	13733973	0x0Fde7C81C18cd4f2d57ee81992Bcf9859479aab2	1	1	40	1	60	0	2.00	18-08-2022 15:07	0	0
1550	13734973	0x44450A2545DCbE3aaEf4d01FA6E922C9E029da41	1	1	40	1	60	0	2.00	18-08-2022 15:07	0	0
1294	13723033	0xcA9A710d2cB3af0e189821065E486880Fc676f80	1	1	40	1	60	0	2.00	18-08-2022 15:07	0	0
1417	13729003	0xf14bFAC783D378855cf1252f912f5dFA786df850	1	1	40	1	60	0	2.00	18-08-2022 15:07	0	0
1381	13728003	0xf14bFAC783D378855cf1252f912f5dFA786df850	1	1	40	1	60	0	2.00	18-08-2022 15:07	0	0
1516	13733983	0x0Fde7C81C18cd4f2d57ee81992Bcf9859479aab2	1	1	40	1	60	0	2.00	18-08-2022 15:07	0	0
1068	13677803	0x511D522094aB6212b96E4d6533BE9B070fa944Dd	1	1	40	1	60	0	2.00	18-08-2022 15:07	0	0
1551	13734993	0x0Fde7C81C18cd4f2d57ee81992Bcf9859479aab2	1	1	40	1	60	0	2.00	18-08-2022 15:07	0	0
1455	13730013	0xf14bFAC783D378855cf1252f912f5dFA786df850	1	1	40	1	60	0	2.00	18-08-2022 15:07	0	0
1489	13733013	0x0Fde7C81C18cd4f2d57ee81992Bcf9859479aab2	1	1	40	1	60	0	2.00	18-08-2022 15:07	0	0
1719	13742943	0x8Ed27c03365B965461B5f2BFE7215A471694f0eB	1	1	40	1	60	0	2.00	18-08-2022 15:07	0	0
1382	13728023	0xf14bFAC783D378855cf1252f912f5dFA786df850	1	1	40	1	60	0	2.00	18-08-2022 15:07	0	0
1026	13665873	0xCD9c1785482F0C1A6d180cca049e46C8C338dF56	1	1	40	1	60	0	2.00	18-08-2022 15:07	0	0
1609	13738003	0xe48372014E00aEcAAe4dfE81A12f7139d35Bc06F	1	1	40	1	60	0	2.00	18-08-2022 15:07	0	0
1418	13729033	0xf14bFAC783D378855cf1252f912f5dFA786df850	1	1	40	1	60	0	2.00	18-08-2022 15:07	0	0
1258	13716103	0xd79700cDA5238b78A9b8d578b5a3a20eA04c7D82	1	1	40	1	60	0	2.00	18-08-2022 15:07	0	0
1552	13735003	0x0Fde7C81C18cd4f2d57ee81992Bcf9859479aab2	1	1	40	1	60	0	2.00	18-08-2022 15:07	0	0
1517	13734013	0x0Fde7C81C18cd4f2d57ee81992Bcf9859479aab2	1	1	40	1	60	0	2.00	18-08-2022 15:07	0	0
1296	13723073	0x0C882BC68Bcbb9785b494DdE518b7087E30203Cd	1	1	40	1	60	0	2.00	18-08-2022 15:07	0	0
1752	13744943	0x0Fde7C81C18cd4f2d57ee81992Bcf9859479aab2	1	1	40	1	60	0	2.00	18-08-2022 15:07	0	0
1456	13730033	0xf14bFAC783D378855cf1252f912f5dFA786df850	1	1	40	1	60	0	2.00	18-08-2022 15:07	0	0
1331	13726063	0xf14bFAC783D378855cf1252f912f5dFA786df850	1	1	40	1	60	0	2.00	18-08-2022 15:07	0	0
1610	13738013	0xfe6851BCe8edf041adbb5C2134660816a4F8683D	1	1	40	1	60	0	2.00	18-08-2022 15:07	0	0
1721	13742963	0x8Ed27c03365B965461B5f2BFE7215A471694f0eB	1	1	40	1	60	0	2.00	18-08-2022 15:07	0	0
1280	13722113	0x6c8E9dc4B57564B92b6B58C80758dFfaEEdEbf33	1	1	40	1	60	0	2.00	18-08-2022 15:07	0	0
1754	13744953	0xf14bFAC783D378855cf1252f912f5dFA786df850	1	1	40	1	60	0	2.00	18-08-2022 15:07	0	0
1383	13728053	0xf14bFAC783D378855cf1252f912f5dFA786df850	1	1	40	1	60	0	2.00	18-08-2022 15:07	0	0
1297	13723093	0xcf34Fa74927f114236689520a885A958ff839Ea8	1	1	40	1	60	0	2.00	18-08-2022 15:07	0	0
1419	13729063	0xf14bFAC783D378855cf1252f912f5dFA786df850	1	1	40	1	60	0	2.00	18-08-2022 15:07	0	0
1321	13725103	0xcA9A710d2cB3af0e189821065E486880Fc676f80	1	1	40	1	60	0	2.00	18-08-2022 15:07	0	0
1815	13746943	0x4ea162709548fe4226730aCc04C72C54882233eC	1	1	40	1	60	0	2.00	18-08-2022 15:07	0	0
1602	13737053	0xe470bED5785b348399eA3F0A6213E3c8C733cc23	1	1	40	1	60	0	2.00	18-08-2022 15:07	0	0
1272	13720133	0x11bDD37639CFF5a223B72a327887475Ad11Abcf2	1	1	40	1	60	0	2.00	18-08-2022 15:07	0	0
1518	13734053	0x0Fde7C81C18cd4f2d57ee81992Bcf9859479aab2	1	1	40	1	60	0	2.00	18-08-2022 15:07	0	0
1457	13730063	0xf14bFAC783D378855cf1252f912f5dFA786df850	1	1	40	1	60	0	2.00	18-08-2022 15:07	0	0
1553	13735043	0x0Fde7C81C18cd4f2d57ee81992Bcf9859479aab2	1	1	40	1	60	0	2.00	18-08-2022 15:07	0	0
1206	13708273	0x7D44D186792173B62F6C0FbFc459294aA2964830	1	1	40	1	60	0	2.00	18-08-2022 15:07	0	0
1885	13749813	0xa37db91fE8cc8975f9334eD7Af81ce37ece5B4AE	1	1	40	1	60	0	2.00	18-08-2022 15:07	18-08-2022 15:08	1
1323	13725113	0x7125bddBB047FfC17224F49B81184Bda511533f2	1	1	40	1	60	0	2.00	18-08-2022 15:07	0	0
1816	13746953	0x4ea162709548fe4226730aCc04C72C54882233eC	1	1	40	1	60	0	2.00	18-08-2022 15:07	0	0
1869	13748943	0x2860F4bEAD7c1074c15b6f102AC9dAF2034528cd	1	1	40	1	60	0	2.00	18-08-2022 15:07	0	0
1603	13737073	0xe5dbefe610095FBB53868e115deFC28dEEAC78c8	1	1	40	1	60	0	2.00	18-08-2022 15:07	0	0
1615	13739093	0x60fac2eB8D013760a3026939738a9E1776c3d6C0	1	1	40	1	60	0	2.00	18-08-2022 15:07	0	0
1384	13728083	0xf14bFAC783D378855cf1252f912f5dFA786df850	1	1	40	1	60	0	2.00	18-08-2022 15:07	0	0
1420	13729093	0xf14bFAC783D378855cf1252f912f5dFA786df850	1	1	40	1	60	0	2.00	18-08-2022 15:07	0	0
1723	13743003	0x0Fde7C81C18cd4f2d57ee81992Bcf9859479aab2	1	1	40	1	60	0	2.00	18-08-2022 15:07	0	0
1939	13751943	0x1202792C5bAd4D8ef57473d79616C9df180c772c	1	1	40	1	60	0	2.00	18-08-2022 15:07	0	0
1756	13744993	0xf14bFAC783D378855cf1252f912f5dFA786df850	1	1	40	1	60	0	2.00	18-08-2022 15:07	0	0
1886	13749963	0xa37db91fE8cc8975f9334eD7Af81ce37ece5B4AE	1	1	40	1	60	0	2.00	18-08-2022 15:07	0	0
1458	13730093	0xf14bFAC783D378855cf1252f912f5dFA786df850	1	1	40	1	60	0	2.00	18-08-2022 15:07	0	0
1554	13735073	0x0Fde7C81C18cd4f2d57ee81992Bcf9859479aab2	1	1	40	1	60	0	2.00	18-08-2022 15:07	0	0
1940	13751953	0xf14bFAC783D378855cf1252f912f5dFA786df850	1	1	40	1	60	0	2.00	18-08-2022 15:07	0	0
1519	13734093	0x0Fde7C81C18cd4f2d57ee81992Bcf9859479aab2	1	1	40	1	60	0	2.00	18-08-2022 15:07	0	0
2013	13753943	0xf14bFAC783D378855cf1252f912f5dFA786df850	1	1	40	1	60	0	2.00	18-08-2022 15:07	0	0
1235	13711273	0x938EA0A6671C870d167B39c8d7aA5C54146813AF	1	1	40	1	60	0	2.00	18-08-2022 15:07	0	0
1248	13715213	0xcA9A710d2cB3af0e189821065E486880Fc676f80	1	1	40	1	60	0	2.00	18-08-2022 15:07	0	0
1207	13708313	0xe470bED5785b348399eA3F0A6213E3c8C733cc23	1	1	40	1	60	0	2.00	18-08-2022 15:07	0	0
1324	13725163	0x34aCDC5b0Ded3D8Ec5034D2628d8a66012A6F265	1	1	40	1	60	0	2.00	18-08-2022 15:07	0	0
1421	13729123	0xf14bFAC783D378855cf1252f912f5dFA786df850	1	1	40	1	60	0	2.00	18-08-2022 15:07	0	0
1385	13728113	0xf14bFAC783D378855cf1252f912f5dFA786df850	1	1	40	1	60	0	2.00	18-08-2022 15:07	0	0
1941	13751963	0xf14bFAC783D378855cf1252f912f5dFA786df850	1	1	40	1	60	0	2.00	18-08-2022 15:07	0	0
1817	13747003	0x4ea162709548fe4226730aCc04C72C54882233eC	1	1	40	1	60	0	2.00	18-08-2022 15:07	0	0
1249	13715223	0x11bDD37639CFF5a223B72a327887475Ad11Abcf2	1	1	40	1	60	0	2.00	18-08-2022 15:07	0	0
1281	13722203	0x511D522094aB6212b96E4d6533BE9B070fa944Dd	1	1	40	1	60	0	2.00	18-08-2022 15:07	0	0
1725	13743043	0xe470bED5785b348399eA3F0A6213E3c8C733cc23	1	1	40	1	60	0	2.00	18-08-2022 15:07	0	0
2015	13753963	0xf14bFAC783D378855cf1252f912f5dFA786df850	1	1	40	1	60	0	2.00	18-08-2022 15:07	0	0
1757	13745033	0xf14bFAC783D378855cf1252f912f5dFA786df850	1	1	40	1	60	0	2.00	18-08-2022 15:07	0	0
1459	13730123	0xf14bFAC783D378855cf1252f912f5dFA786df850	1	1	40	1	60	0	2.00	18-08-2022 15:07	0	0
1520	13734123	0x0Fde7C81C18cd4f2d57ee81992Bcf9859479aab2	1	1	40	1	60	0	2.00	18-08-2022 15:07	0	0
1887	13750003	0xa37db91fE8cc8975f9334eD7Af81ce37ece5B4AE	1	1	40	1	60	0	2.00	18-08-2022 15:07	0	0
1555	13735113	0x0Fde7C81C18cd4f2d57ee81992Bcf9859479aab2	1	1	40	1	60	0	2.00	18-08-2022 15:07	0	0
1332	13726183	0xf14bFAC783D378855cf1252f912f5dFA786df850	1	1	40	1	60	0	2.00	18-08-2022 15:07	0	0
1250	13715243	0x5AF98AA3a9E0fAd60e3b6Fc7644f6fa144E7B894	1	1	40	1	60	0	2.00	18-08-2022 15:07	0	0
1386	13728143	0xf14bFAC783D378855cf1252f912f5dFA786df850	1	1	40	1	60	0	2.00	18-08-2022 15:07	0	0
1422	13729153	0xf14bFAC783D378855cf1252f912f5dFA786df850	1	1	40	1	60	0	2.00	18-08-2022 15:07	0	0
1726	13743063	0x0Fde7C81C18cd4f2d57ee81992Bcf9859479aab2	1	1	40	1	60	0	2.00	18-08-2022 15:07	0	0
2137	13757943	0x5AF98AA3a9E0fAd60e3b6Fc7644f6fa144E7B894	1	1	40	1	60	0	2.00	18-08-2022 15:07	0	0
1818	13747043	0x6c8E9dc4B57564B92b6B58C80758dFfaEEdEbf33	1	1	40	1	60	0	2.00	18-08-2022 15:07	0	0
1942	13752003	0xf14bFAC783D378855cf1252f912f5dFA786df850	1	1	40	1	60	0	2.00	18-08-2022 15:07	0	0
1460	13730153	0xf14bFAC783D378855cf1252f912f5dFA786df850	1	1	40	1	60	0	2.00	18-08-2022 15:07	0	0
2016	13754003	0x4ea162709548fe4226730aCc04C72C54882233eC	1	1	40	1	60	0	2.00	18-08-2022 15:07	0	0
1482	13732183	0xe470bED5785b348399eA3F0A6213E3c8C733cc23	1	1	40	1	60	0	2.00	18-08-2022 15:07	0	0
1758	13745073	0xf14bFAC783D378855cf1252f912f5dFA786df850	1	1	40	1	60	0	2.00	18-08-2022 15:08	0	0
1521	13734163	0x0Fde7C81C18cd4f2d57ee81992Bcf9859479aab2	1	1	40	1	60	0	2.00	18-08-2022 15:08	0	0
1274	13720253	0x511D522094aB6212b96E4d6533BE9B070fa944Dd	1	1	40	1	60	0	2.00	18-08-2022 15:08	0	0
1556	13735143	0x0Fde7C81C18cd4f2d57ee81992Bcf9859479aab2	1	1	40	1	60	0	2.00	18-08-2022 15:08	0	0
1604	13737173	0xe5dbefe610095FBB53868e115deFC28dEEAC78c8	1	1	40	1	60	0	2.00	18-08-2022 15:08	0	0
1423	13729183	0xf14bFAC783D378855cf1252f912f5dFA786df850	1	1	40	1	60	0	2.00	18-08-2022 15:08	0	0
1333	13726213	0xf14bFAC783D378855cf1252f912f5dFA786df850	1	1	40	1	60	0	2.00	18-08-2022 15:08	0	0
1728	13743083	0xcA9A710d2cB3af0e189821065E486880Fc676f80	1	1	40	1	60	0	0.00	18-08-2022 15:08	0	0
1819	13747053	0x4ea162709548fe4226730aCc04C72C54882233eC	1	1	40	1	60	0	2.00	18-08-2022 15:08	0	0
1387	13728173	0xf14bFAC783D378855cf1252f912f5dFA786df850	1	1	40	1	60	0	2.00	18-08-2022 15:08	0	0
1888	13750053	0xa37db91fE8cc8975f9334eD7Af81ce37ece5B4AE	1	1	40	1	60	0	2.00	18-08-2022 15:08	0	0
1870	13749063	0x5ae670F07FbE117ff7d8CD06Edfc20E1fE831352	1	1	40	1	60	0	2.00	18-08-2022 15:08	0	0
2017	13754023	0xf14bFAC783D378855cf1252f912f5dFA786df850	1	1	40	1	60	0	2.00	18-08-2022 15:08	0	0
1275	13720263	0x7125bddBB047FfC17224F49B81184Bda511533f2	1	1	40	1	60	0	2.00	18-08-2022 15:08	0	0
1944	13752033	0xf14bFAC783D378855cf1252f912f5dFA786df850	1	1	40	1	60	0	2.00	18-08-2022 15:08	0	0
1461	13730183	0xf14bFAC783D378855cf1252f912f5dFA786df850	1	1	40	1	60	0	2.00	18-08-2022 15:08	0	0
1522	13734193	0x0Fde7C81C18cd4f2d57ee81992Bcf9859479aab2	1	1	40	1	60	0	2.00	18-08-2022 15:08	0	0
1759	13745113	0xf14bFAC783D378855cf1252f912f5dFA786df850	1	1	40	1	60	0	2.00	18-08-2022 15:08	0	0
1483	13732223	0x0959BfA42feda73a4d66F4b8F7232080914051e0	1	1	40	1	60	0	2.00	18-08-2022 15:08	0	0
1424	13729213	0xf14bFAC783D378855cf1252f912f5dFA786df850	1	1	40	1	60	0	2.00	18-08-2022 15:08	0	0
1490	13733243	0x0Fde7C81C18cd4f2d57ee81992Bcf9859479aab2	1	1	40	1	60	0	2.00	18-08-2022 15:08	0	0
2018	13754043	0x4ea162709548fe4226730aCc04C72C54882233eC	1	1	40	1	60	0	2.00	18-08-2022 15:08	0	0
1334	13726243	0x7125bddBB047FfC17224F49B81184Bda511533f2	1	1	40	1	60	0	2.00	18-08-2022 15:08	0	0
1557	13735183	0x0Fde7C81C18cd4f2d57ee81992Bcf9859479aab2	1	1	40	1	60	0	2.00	18-08-2022 15:08	0	0
1820	13747083	0x4ea162709548fe4226730aCc04C72C54882233eC	1	1	40	1	60	0	2.00	18-08-2022 15:08	0	0
1388	13728203	0xf14bFAC783D378855cf1252f912f5dFA786df850	1	1	40	1	60	0	2.00	18-08-2022 15:08	0	0
1462	13730213	0xf14bFAC783D378855cf1252f912f5dFA786df850	1	1	40	1	60	0	2.00	18-08-2022 15:08	0	0
1889	13750093	0xa37db91fE8cc8975f9334eD7Af81ce37ece5B4AE	1	1	40	1	60	0	2.00	18-08-2022 15:08	0	0
2019	13754063	0xf14bFAC783D378855cf1252f912f5dFA786df850	1	1	40	1	60	0	2.00	18-08-2022 15:08	0	0
1945	13752073	0xff8C9e2E073882d676F72c06f9f7604eC3d8E01d	1	1	40	1	60	0	2.00	18-08-2022 15:08	0	0
1336	13726263	0xf14bFAC783D378855cf1252f912f5dFA786df850	1	1	40	1	60	0	2.00	18-08-2022 15:08	0	0
1425	13729243	0xf14bFAC783D378855cf1252f912f5dFA786df850	1	1	40	1	60	0	2.00	18-08-2022 15:08	0	0
1760	13745143	0xf14bFAC783D378855cf1252f912f5dFA786df850	1	1	40	1	60	0	2.00	18-08-2022 15:08	0	0
1523	13734233	0x0Fde7C81C18cd4f2d57ee81992Bcf9859479aab2	1	1	40	1	60	0	2.00	18-08-2022 15:08	0	0
1559	13735213	0x0Fde7C81C18cd4f2d57ee81992Bcf9859479aab2	1	1	40	1	60	0	2.00	18-08-2022 15:08	0	0
1389	13728233	0xf14bFAC783D378855cf1252f912f5dFA786df850	1	1	40	1	60	0	2.00	18-08-2022 15:08	0	0
1491	13733283	0x0Fde7C81C18cd4f2d57ee81992Bcf9859479aab2	1	1	40	1	60	0	2.00	18-08-2022 15:08	0	0
1208	13708453	0x98FC094A0f9c0AF4eC45f5A250c9fb0109754D39	1	1	40	1	60	0	2.00	18-08-2022 15:08	0	0
1821	13747123	0x57F30F0737f0B7B7151A51780F73214ebaC63FaA	1	1	40	1	60	0	2.00	18-08-2022 15:08	0	0
1463	13730243	0xf14bFAC783D378855cf1252f912f5dFA786df850	1	1	40	1	60	0	2.00	18-08-2022 15:08	0	0
2020	13754093	0x4ea162709548fe4226730aCc04C72C54882233eC	1	1	40	1	60	0	2.00	18-08-2022 15:08	0	0
1946	13752103	0xf14bFAC783D378855cf1252f912f5dFA786df850	1	1	40	1	60	0	2.00	18-08-2022 15:08	0	0
1337	13726293	0xF8fdCeD8B4174FB220382f0cEAEf9086f5718D07	1	1	40	1	60	0	2.00	18-08-2022 15:08	0	0
1426	13729273	0xf14bFAC783D378855cf1252f912f5dFA786df850	1	1	40	1	60	0	2.00	18-08-2022 15:08	0	0
1284	13722383	0x74D8BF24AFa6d35cf48480b58104B13F74A10DEf	1	1	40	1	60	0	2.00	18-08-2022 15:08	0	0
1259	13716403	0xe5dbefe610095FBB53868e115deFC28dEEAC78c8	1	1	40	1	60	0	2.00	18-08-2022 15:08	0	0
1761	13745183	0xf14bFAC783D378855cf1252f912f5dFA786df850	1	1	40	1	60	0	2.00	18-08-2022 15:08	0	0
1524	13734273	0x0Fde7C81C18cd4f2d57ee81992Bcf9859479aab2	1	1	40	1	60	0	2.00	18-08-2022 15:08	0	0
1890	13750143	0x24CB0300c33FcBD47cdbC7e8db726A85E0632f6e	1	1	40	1	60	0	2.00	18-08-2022 15:08	0	0
1390	13728263	0xf14bFAC783D378855cf1252f912f5dFA786df850	1	1	40	1	60	0	2.00	18-08-2022 15:08	0	0
1822	13747143	0xe470bED5785b348399eA3F0A6213E3c8C733cc23	1	1	40	1	60	0	2.00	18-08-2022 15:08	0	0
1484	13732303	0x47e2b725f1D5fF5adA869522F8Fcf95B30fdcc4E	1	1	40	1	60	0	2.00	18-08-2022 15:08	0	0
1492	13733313	0x0Fde7C81C18cd4f2d57ee81992Bcf9859479aab2	1	1	40	1	60	0	2.00	18-08-2022 15:08	0	0
1947	13752113	0xf14bFAC783D378855cf1252f912f5dFA786df850	1	1	40	1	60	0	2.00	18-08-2022 15:08	0	0
1561	13735253	0x0Fde7C81C18cd4f2d57ee81992Bcf9859479aab2	1	1	40	1	60	0	2.00	18-08-2022 15:08	0	0
2021	13754113	0xf14bFAC783D378855cf1252f912f5dFA786df850	1	1	40	1	60	0	2.00	18-08-2022 15:08	0	0
2138	13758093	0xAe8408BE8e2F3Aadda3E7ba5CC67D843B0057dC0	1	1	40	1	60	0	2.00	18-08-2022 15:08	0	0
1823	13747153	0x4ea162709548fe4226730aCc04C72C54882233eC	1	1	40	1	60	0	2.00	18-08-2022 15:08	0	0
1464	13730283	0xf14bFAC783D378855cf1252f912f5dFA786df850	1	1	40	1	60	0	2.00	18-08-2022 15:08	0	0
1427	13729303	0xf14bFAC783D378855cf1252f912f5dFA786df850	1	1	40	1	60	0	2.00	18-08-2022 15:08	0	0
1891	13750163	0xa37db91fE8cc8975f9334eD7Af81ce37ece5B4AE	1	1	40	1	60	0	2.00	18-08-2022 15:08	0	0
1266	13718423	0xe2DF1bd13F0464E00399b5845214FBe93F631847	1	1	40	1	60	0	2.00	18-08-2022 15:08	0	0
2022	13754133	0x4ea162709548fe4226730aCc04C72C54882233eC	1	1	40	1	60	0	2.00	18-08-2022 15:08	0	0
1525	13734303	0x0Fde7C81C18cd4f2d57ee81992Bcf9859479aab2	1	1	40	1	60	0	2.00	18-08-2022 15:08	0	0
1391	13728293	0xf14bFAC783D378855cf1252f912f5dFA786df850	1	1	40	1	60	0	2.00	18-08-2022 15:08	0	0
1824	13747163	0x4ea162709548fe4226730aCc04C72C54882233eC	1	1	40	1	60	0	2.00	18-08-2022 15:08	0	0
1762	13745223	0xf14bFAC783D378855cf1252f912f5dFA786df850	1	1	40	1	60	0	2.00	18-08-2022 15:08	0	0
1563	13735283	0x44450A2545DCbE3aaEf4d01FA6E922C9E029da41	1	1	40	1	60	0	2.00	18-08-2022 15:08	0	0
1493	13733353	0x0Fde7C81C18cd4f2d57ee81992Bcf9859479aab2	1	1	40	1	60	0	2.00	18-08-2022 15:08	0	0
1485	13732343	0x47e2b725f1D5fF5adA869522F8Fcf95B30fdcc4E	1	1	40	1	60	0	2.00	18-08-2022 15:08	0	0
1948	13752153	0xf14bFAC783D378855cf1252f912f5dFA786df850	1	1	40	1	60	0	2.00	18-08-2022 15:08	0	0
1298	13723413	0x11bDD37639CFF5a223B72a327887475Ad11Abcf2	1	1	40	1	60	0	2.00	18-08-2022 15:08	0	0
1871	13749223	0x5ae670F07FbE117ff7d8CD06Edfc20E1fE831352	1	1	40	1	60	0	2.00	18-08-2022 15:08	0	0
1892	13750183	0xa37db91fE8cc8975f9334eD7Af81ce37ece5B4AE	1	1	40	1	60	0	2.00	18-08-2022 15:08	0	0
1465	13730303	0xf14bFAC783D378855cf1252f912f5dFA786df850	1	1	40	1	60	0	2.00	18-08-2022 15:08	0	0
1338	13726353	0xF8fdCeD8B4174FB220382f0cEAEf9086f5718D07	1	1	40	1	60	0	2.00	18-08-2022 15:08	0	0
1210	13708553	0x021e1861Fee97E4BCAeFF6BE938b37fCb9A10B24	1	1	40	1	60	0	2.00	18-08-2022 15:08	0	0
2023	13754163	0xf14bFAC783D378855cf1252f912f5dFA786df850	1	1	40	1	60	0	2.00	18-08-2022 15:08	0	0
1428	13729333	0xf14bFAC783D378855cf1252f912f5dFA786df850	1	1	40	1	60	0	2.00	18-08-2022 15:08	0	0
1237	13711543	0x57F30F0737f0B7B7151A51780F73214ebaC63FaA	1	1	40	1	60	0	2.00	18-08-2022 15:08	0	0
1763	13745253	0xf14bFAC783D378855cf1252f912f5dFA786df850	1	1	40	1	60	0	2.00	18-08-2022 15:08	0	0
1299	13723433	0xF8fdCeD8B4174FB220382f0cEAEf9086f5718D07	1	1	40	1	60	0	2.00	18-08-2022 15:08	0	0
1392	13728323	0xf14bFAC783D378855cf1252f912f5dFA786df850	1	1	40	1	60	0	2.00	18-08-2022 15:08	0	0
1872	13749253	0x5ae670F07FbE117ff7d8CD06Edfc20E1fE831352	1	1	40	1	60	0	2.00	18-08-2022 15:08	0	0
1526	13734343	0x0Fde7C81C18cd4f2d57ee81992Bcf9859479aab2	1	1	40	1	60	0	2.00	18-08-2022 15:08	0	0
1825	13747213	0x4ea162709548fe4226730aCc04C72C54882233eC	1	1	40	1	60	0	2.00	18-08-2022 15:08	0	0
1949	13752193	0xf14bFAC783D378855cf1252f912f5dFA786df850	1	1	40	1	60	0	2.00	18-08-2022 15:08	0	0
2024	13754183	0x4ea162709548fe4226730aCc04C72C54882233eC	1	1	40	1	60	0	2.00	18-08-2022 15:08	0	0
1466	13730333	0xd79700cDA5238b78A9b8d578b5a3a20eA04c7D82	1	1	40	1	60	0	2.00	18-08-2022 15:08	0	0
1494	13733383	0xe470bED5785b348399eA3F0A6213E3c8C733cc23	1	1	40	1	60	0	2.00	18-08-2022 15:08	0	0
1340	13726383	0xF8fdCeD8B4174FB220382f0cEAEf9086f5718D07	1	1	40	1	60	0	2.00	18-08-2022 15:08	0	0
1565	13735323	0x44450A2545DCbE3aaEf4d01FA6E922C9E029da41	1	1	40	1	60	0	2.00	18-08-2022 15:08	0	0
1238	13711563	0x57F30F0737f0B7B7151A51780F73214ebaC63FaA	1	1	40	1	60	0	2.00	18-08-2022 15:08	0	0
1429	13729363	0xf14bFAC783D378855cf1252f912f5dFA786df850	1	1	40	1	60	0	2.00	18-08-2022 15:08	0	0
1893	13750233	0xa37db91fE8cc8975f9334eD7Af81ce37ece5B4AE	1	1	40	1	60	0	2.00	18-08-2022 15:08	0	0
1495	13733393	0x0Fde7C81C18cd4f2d57ee81992Bcf9859479aab2	1	1	40	1	60	0	2.00	18-08-2022 15:08	0	0
1605	13737413	0x24CB0300c33FcBD47cdbC7e8db726A85E0632f6e	1	1	40	1	60	0	2.00	18-08-2022 15:08	0	0
1616	13739453	0x1673bf9D8f7EC59F8C073Ef47c53A00e79f55DF6	1	1	40	1	60	0	2.00	18-08-2022 15:08	0	0
1764	13745293	0xf14bFAC783D378855cf1252f912f5dFA786df850	1	1	40	1	60	0	2.00	18-08-2022 15:08	0	0
1393	13728353	0xf14bFAC783D378855cf1252f912f5dFA786df850	1	1	40	1	60	0	2.00	18-08-2022 15:08	0	0
1341	13726403	0x0C882BC68Bcbb9785b494DdE518b7087E30203Cd	1	1	40	1	60	0	2.00	18-08-2022 15:08	0	0
1325	13725473	0x0C882BC68Bcbb9785b494DdE518b7087E30203Cd	1	1	40	1	60	0	2.00	18-08-2022 15:08	0	0
2025	13754213	0xf14bFAC783D378855cf1252f912f5dFA786df850	1	1	40	1	60	0	2.00	18-08-2022 15:08	0	0
1430	13729383	0xf14bFAC783D378855cf1252f912f5dFA786df850	1	1	40	1	60	0	2.00	18-08-2022 15:08	0	0
1527	13734383	0x0Fde7C81C18cd4f2d57ee81992Bcf9859479aab2	1	1	40	1	60	0	2.00	18-08-2022 15:08	0	0
1950	13752233	0xe48372014E00aEcAAe4dfE81A12f7139d35Bc06F	1	1	40	1	60	0	2.00	18-08-2022 15:08	0	0
1826	13747253	0x4ea162709548fe4226730aCc04C72C54882233eC	1	1	40	1	60	0	2.00	18-08-2022 15:08	0	0
1211	13708623	0x0C882BC68Bcbb9785b494DdE518b7087E30203Cd	1	1	40	1	60	0	2.00	18-08-2022 15:08	0	0
1342	13726413	0xF8fdCeD8B4174FB220382f0cEAEf9086f5718D07	1	1	40	1	60	0	2.00	18-08-2022 15:08	0	0
1496	13733413	0x0Fde7C81C18cd4f2d57ee81992Bcf9859479aab2	1	1	40	1	60	0	2.00	18-08-2022 15:08	0	0
2026	13754223	0xf14bFAC783D378855cf1252f912f5dFA786df850	1	1	40	1	60	0	2.00	18-08-2022 15:08	0	0
1567	13735363	0x44450A2545DCbE3aaEf4d01FA6E922C9E029da41	1	1	40	1	60	0	2.00	18-08-2022 15:08	0	0
1261	13717563	0xd889C4C605a914F9c470554cd04C6225587341F5	1	1	40	1	60	0	2.00	18-08-2022 15:08	0	0
1276	13720513	0x2860F4bEAD7c1074c15b6f102AC9dAF2034528cd	1	1	40	1	60	0	2.00	18-08-2022 15:08	0	0
1873	13749313	0x5ae670F07FbE117ff7d8CD06Edfc20E1fE831352	1	1	40	1	60	0	2.00	18-08-2022 15:08	0	0
2139	13758233	0xD25313e42C1b0d04f22D69904ff25859A19F2886	1	1	40	1	60	0	2.00	18-08-2022 15:08	0	0
1894	13750273	0xa37db91fE8cc8975f9334eD7Af81ce37ece5B4AE	1	1	40	1	60	0	2.00	18-08-2022 15:08	0	0
1285	13722543	0x7D44D186792173B62F6C0FbFc459294aA2964830	1	1	40	1	60	0	2.00	18-08-2022 15:08	0	0
1394	13728383	0xf14bFAC783D378855cf1252f912f5dFA786df850	1	1	40	1	60	0	2.00	18-08-2022 15:08	0	0
1617	13739493	0x34aCDC5b0Ded3D8Ec5034D2628d8a66012A6F265	1	1	40	1	60	0	2.00	18-08-2022 15:08	0	0
1951	13752253	0xf14bFAC783D378855cf1252f912f5dFA786df850	1	1	40	1	60	0	2.00	18-08-2022 15:08	0	0
1431	13729413	0xf14bFAC783D378855cf1252f912f5dFA786df850	1	1	40	1	60	0	2.00	18-08-2022 15:08	0	0
1528	13734423	0x0Fde7C81C18cd4f2d57ee81992Bcf9859479aab2	1	1	40	1	60	0	2.00	18-08-2022 15:08	0	0
1618	13739503	0xe5dbefe610095FBB53868e115deFC28dEEAC78c8	1	1	40	1	60	0	2.00	18-08-2022 15:08	0	0
1765	13745333	0xf14bFAC783D378855cf1252f912f5dFA786df850	1	1	40	1	60	0	2.00	18-08-2022 15:08	0	0
1343	13726443	0xF8fdCeD8B4174FB220382f0cEAEf9086f5718D07	1	1	40	1	60	0	2.00	18-08-2022 15:08	0	0
1952	13752263	0xf14bFAC783D378855cf1252f912f5dFA786df850	1	1	40	1	60	0	2.00	18-08-2022 15:08	0	0
1827	13747293	0x4ea162709548fe4226730aCc04C72C54882233eC	1	1	40	1	60	0	2.00	18-08-2022 15:08	0	0
1486	13732473	0xe470bED5785b348399eA3F0A6213E3c8C733cc23	1	1	40	1	60	0	2.00	18-08-2022 15:08	0	0
1874	13749343	0x5ae670F07FbE117ff7d8CD06Edfc20E1fE831352	1	1	40	1	60	0	2.00	18-08-2022 15:08	0	0
1497	13733453	0x0Fde7C81C18cd4f2d57ee81992Bcf9859479aab2	1	1	40	1	60	0	2.00	18-08-2022 15:08	0	0
2028	13754263	0xf14bFAC783D378855cf1252f912f5dFA786df850	1	1	40	1	60	0	2.00	18-08-2022 15:08	0	0
1569	13735403	0x44450A2545DCbE3aaEf4d01FA6E922C9E029da41	1	1	40	1	60	0	2.00	18-08-2022 15:08	0	0
1251	13715593	0xC3cD281897C136dc879b1dF5B33517b1149e2076	1	1	40	1	60	0	2.00	18-08-2022 15:08	0	0
1395	13728413	0xf14bFAC783D378855cf1252f912f5dFA786df850	1	1	40	1	60	0	2.00	18-08-2022 15:08	0	0
1895	13750323	0xacc70D928d4B373178C1DD67AF90293d3B0C0B44	1	1	40	1	60	0	2.00	18-08-2022 15:08	0	0
2140	13758283	0xe470bED5785b348399eA3F0A6213E3c8C733cc23	1	1	40	1	60	0	2.00	18-08-2022 15:08	0	0
1529	13734453	0x0Fde7C81C18cd4f2d57ee81992Bcf9859479aab2	1	1	40	1	60	0	2.00	18-08-2022 15:08	0	0
1432	13729453	0xf14bFAC783D378855cf1252f912f5dFA786df850	1	1	40	1	60	0	2.00	18-08-2022 15:08	0	0
1300	13723583	0x1202792C5bAd4D8ef57473d79616C9df180c772c	1	1	40	1	60	0	2.00	18-08-2022 15:08	0	0
1766	13745373	0xf14bFAC783D378855cf1252f912f5dFA786df850	1	1	40	1	60	0	2.00	18-08-2022 15:08	0	0
1262	13717633	0xd889C4C605a914F9c470554cd04C6225587341F5	1	1	40	1	60	0	2.00	18-08-2022 15:08	0	0
1344	13726483	0xF8fdCeD8B4174FB220382f0cEAEf9086f5718D07	1	1	40	1	60	0	2.00	18-08-2022 15:08	0	0
1396	13728443	0xf14bFAC783D378855cf1252f912f5dFA786df850	1	1	40	1	60	0	2.00	18-08-2022 15:08	0	0
1570	13735443	0x44450A2545DCbE3aaEf4d01FA6E922C9E029da41	1	1	40	1	60	0	2.00	18-08-2022 15:08	0	0
1828	13747333	0x4ea162709548fe4226730aCc04C72C54882233eC	1	1	40	1	60	0	2.00	18-08-2022 15:08	0	0
1953	13752303	0xf14bFAC783D378855cf1252f912f5dFA786df850	1	1	40	1	60	0	2.00	18-08-2022 15:08	0	0
1433	13729473	0xf14bFAC783D378855cf1252f912f5dFA786df850	1	1	40	1	60	0	2.00	18-08-2022 15:08	0	0
1875	13749383	0x5ae670F07FbE117ff7d8CD06Edfc20E1fE831352	1	1	40	1	60	0	2.00	18-08-2022 15:08	0	0
1530	13734493	0x0Fde7C81C18cd4f2d57ee81992Bcf9859479aab2	1	1	40	1	60	0	2.00	18-08-2022 15:08	0	0
1286	13722643	0xf033F6D4f631734C5D4F6be5Bf407F0BfEE3eDDb	1	1	40	1	60	0	0.00	18-08-2022 15:08	0	0
1498	13733523	0x0Fde7C81C18cd4f2d57ee81992Bcf9859479aab2	1	1	40	1	60	0	2.00	18-08-2022 15:08	0	0
2030	13754313	0xf14bFAC783D378855cf1252f912f5dFA786df850	1	1	40	1	60	0	2.00	18-08-2022 15:08	0	0
1345	13726513	0xF8fdCeD8B4174FB220382f0cEAEf9086f5718D07	1	1	40	1	60	0	2.00	18-08-2022 15:08	0	0
1397	13728473	0xf14bFAC783D378855cf1252f912f5dFA786df850	1	1	40	1	60	0	2.00	18-08-2022 15:08	0	0
1267	13718683	0xB805817679d79679Aba8254b9f6070F47f67fdF3	1	1	40	1	60	0	2.00	18-08-2022 15:08	0	0
1301	13723623	0xd0bB6Dc33cE25F6758727DD7032B92c487dcDC34	1	1	40	1	60	0	2.00	18-08-2022 15:08	0	0
1571	13735473	0x44450A2545DCbE3aaEf4d01FA6E922C9E029da41	1	1	40	1	60	0	2.00	18-08-2022 15:08	0	0
1767	13745413	0xf14bFAC783D378855cf1252f912f5dFA786df850	1	1	40	1	60	0	2.00	18-08-2022 15:08	0	0
1487	13732563	0x043599c759ca95E0869b310140b292E1EA0F1d35	1	1	40	1	60	0	2.00	18-08-2022 15:08	0	0
1287	13722653	0xF8fdCeD8B4174FB220382f0cEAEf9086f5718D07	1	1	40	1	60	0	0.00	18-08-2022 15:08	0	0
1434	13729503	0xf14bFAC783D378855cf1252f912f5dFA786df850	1	1	40	1	60	0	2.00	18-08-2022 15:08	0	0
1239	13711743	0xBDCcF0B77D5C4B5241F17e7E591CbEC6612A1b73	1	1	40	1	60	0	2.00	18-08-2022 15:08	0	0
1212	13708773	0xBE71d8A7e0c338162F983Ae8505d25A566C0265F	1	1	40	1	60	0	0.00	18-08-2022 15:08	0	0
1829	13747373	0x4ea162709548fe4226730aCc04C72C54882233eC	1	1	40	1	60	0	2.00	18-08-2022 15:08	0	0
1954	13752343	0xf14bFAC783D378855cf1252f912f5dFA786df850	1	1	40	1	60	0	2.00	18-08-2022 15:08	0	0
1896	13750383	0xa37db91fE8cc8975f9334eD7Af81ce37ece5B4AE	1	1	40	1	60	0	2.00	18-08-2022 15:08	0	0
1531	13734523	0x0Fde7C81C18cd4f2d57ee81992Bcf9859479aab2	1	1	40	1	60	0	2.00	18-08-2022 15:08	0	0
1876	13749423	0x5ae670F07FbE117ff7d8CD06Edfc20E1fE831352	1	1	40	1	60	0	2.00	18-08-2022 15:08	0	0
1499	13733553	0x0Fde7C81C18cd4f2d57ee81992Bcf9859479aab2	1	1	40	1	60	0	2.00	18-08-2022 15:08	0	0
1467	13730553	0x4ea162709548fe4226730aCc04C72C54882233eC	1	1	40	1	60	0	2.00	18-08-2022 15:08	0	0
1611	13738593	0x24CB0300c33FcBD47cdbC7e8db726A85E0632f6e	1	1	40	1	60	0	2.00	18-08-2022 15:08	0	0
1213	13708783	0x7125bddBB047FfC17224F49B81184Bda511533f2	1	1	40	1	60	0	2.00	18-08-2022 15:08	0	0
1398	13728503	0xf14bFAC783D378855cf1252f912f5dFA786df850	1	1	40	1	60	0	2.00	18-08-2022 15:08	0	0
1897	13750393	0x6c8E9dc4B57564B92b6B58C80758dFfaEEdEbf33	1	1	40	1	60	0	2.00	18-08-2022 15:08	0	0
1435	13729533	0xf14bFAC783D378855cf1252f912f5dFA786df850	1	1	40	1	60	0	2.00	18-08-2022 15:08	0	0
1346	13726553	0xF8fdCeD8B4174FB220382f0cEAEf9086f5718D07	1	1	40	1	60	0	2.00	18-08-2022 15:08	0	0
1613	13738603	0x3b51f01295f4D4342ABA396B47C4e23F64dB1d77	1	1	40	1	60	0	2.00	18-08-2022 15:08	0	0
2031	13754363	0xf14bFAC783D378855cf1252f912f5dFA786df850	1	1	40	1	60	0	2.00	18-08-2022 15:08	0	0
1572	13735513	0x44450A2545DCbE3aaEf4d01FA6E922C9E029da41	1	1	40	1	60	0	2.00	18-08-2022 15:08	0	0
1768	13745453	0xf14bFAC783D378855cf1252f912f5dFA786df850	1	1	40	1	60	0	2.00	18-08-2022 15:08	0	0
1955	13752373	0xf14bFAC783D378855cf1252f912f5dFA786df850	1	1	40	1	60	0	2.00	18-08-2022 15:08	0	0
1619	13739663	0xe5dbefe610095FBB53868e115deFC28dEEAC78c8	1	1	40	1	60	0	2.00	18-08-2022 15:08	0	0
1606	13737653	0x1202792C5bAd4D8ef57473d79616C9df180c772c	1	1	40	1	60	0	2.00	18-08-2022 15:08	0	0
1898	13750413	0xa37db91fE8cc8975f9334eD7Af81ce37ece5B4AE	1	1	40	1	60	0	2.00	18-08-2022 15:08	0	0
1532	13734563	0x0Fde7C81C18cd4f2d57ee81992Bcf9859479aab2	1	1	40	1	60	0	2.00	18-08-2022 15:08	0	0
1214	13708813	0xd0bB6Dc33cE25F6758727DD7032B92c487dcDC34	1	1	40	1	60	0	2.00	18-08-2022 15:08	0	0
1399	13728533	0xf14bFAC783D378855cf1252f912f5dFA786df850	1	1	40	1	60	0	2.00	18-08-2022 15:08	0	0
1830	13747423	0x4ea162709548fe4226730aCc04C72C54882233eC	1	1	40	1	60	0	2.00	18-08-2022 15:08	0	0
1877	13749463	0x5ae670F07FbE117ff7d8CD06Edfc20E1fE831352	1	1	40	1	60	0	2.00	18-08-2022 15:08	0	0
1500	13733593	0x0Fde7C81C18cd4f2d57ee81992Bcf9859479aab2	1	1	40	1	60	0	2.00	18-08-2022 15:08	0	0
1303	13723693	0xcA9A710d2cB3af0e189821065E486880Fc676f80	1	1	40	1	60	0	2.00	18-08-2022 15:08	0	0
1252	13715743	0xAe8408BE8e2F3Aadda3E7ba5CC67D843B0057dC0	1	1	40	1	60	0	2.00	18-08-2022 15:08	0	0
1436	13729563	0xf14bFAC783D378855cf1252f912f5dFA786df850	1	1	40	1	60	0	2.00	18-08-2022 15:08	0	0
1347	13726583	0xF8fdCeD8B4174FB220382f0cEAEf9086f5718D07	1	1	40	1	60	0	2.00	18-08-2022 15:08	0	0
1288	13722733	0xcA9A710d2cB3af0e189821065E486880Fc676f80	1	1	40	1	60	0	2.00	18-08-2022 15:08	0	0
1730	13743583	0x511D522094aB6212b96E4d6533BE9B070fa944Dd	1	1	40	1	60	0	0.00	18-08-2022 15:08	0	0
1253	13715753	0x11bDD37639CFF5a223B72a327887475Ad11Abcf2	1	1	40	1	60	0	2.00	18-08-2022 15:08	0	0
1573	13735553	0x44450A2545DCbE3aaEf4d01FA6E922C9E029da41	1	1	40	1	60	0	2.00	18-08-2022 15:08	0	0
1769	13745493	0xf14bFAC783D378855cf1252f912f5dFA786df850	1	1	40	1	60	0	2.00	18-08-2022 15:08	0	0
1400	13728563	0xf14bFAC783D378855cf1252f912f5dFA786df850	1	1	40	1	60	0	2.00	18-08-2022 15:08	0	0
1899	13750443	0xa37db91fE8cc8975f9334eD7Af81ce37ece5B4AE	1	1	40	1	60	0	2.00	18-08-2022 15:08	0	0
2032	13754413	0xf14bFAC783D378855cf1252f912f5dFA786df850	1	1	40	1	60	0	2.00	18-08-2022 15:08	0	0
1326	13725733	0x3e794c1415ABfeAA6EbcC4b479dbc62c77d26096	1	1	40	1	60	0	2.00	18-08-2022 15:08	0	0
2141	13758433	0xd79700cDA5238b78A9b8d578b5a3a20eA04c7D82	1	1	40	1	60	0	2.00	18-08-2022 15:08	0	0
1956	13752423	0xd0bB6Dc33cE25F6758727DD7032B92c487dcDC34	1	1	40	1	60	0	2.00	18-08-2022 15:08	0	0
1731	13743593	0x7125bddBB047FfC17224F49B81184Bda511533f2	1	1	40	1	60	0	2.00	18-08-2022 15:08	0	0
1533	13734603	0x0Fde7C81C18cd4f2d57ee81992Bcf9859479aab2	1	1	40	1	60	0	2.00	18-08-2022 15:08	0	0
1831	13747463	0x4ea162709548fe4226730aCc04C72C54882233eC	1	1	40	1	60	0	2.00	18-08-2022 15:08	0	0
1437	13729593	0xf14bFAC783D378855cf1252f912f5dFA786df850	1	1	40	1	60	0	2.00	18-08-2022 15:08	0	0
1501	13733633	0xCD9c1785482F0C1A6d180cca049e46C8C338dF56	1	1	40	1	60	0	2.00	18-08-2022 15:08	0	0
1878	13749503	0x5ae670F07FbE117ff7d8CD06Edfc20E1fE831352	1	1	40	1	60	0	2.00	18-08-2022 15:08	0	0
1607	13737713	0xff8C9e2E073882d676F72c06f9f7604eC3d8E01d	1	1	40	1	60	0	2.00	18-08-2022 15:08	0	0
1304	13723743	0x7125bddBB047FfC17224F49B81184Bda511533f2	1	1	40	1	60	0	2.00	18-08-2022 15:08	0	0
1348	13726623	0xF8fdCeD8B4174FB220382f0cEAEf9086f5718D07	1	1	40	1	60	0	2.00	18-08-2022 15:08	0	0
1957	13752443	0xf14bFAC783D378855cf1252f912f5dFA786df850	1	1	40	1	60	0	2.00	18-08-2022 15:08	0	0
1401	13728593	0xf14bFAC783D378855cf1252f912f5dFA786df850	1	1	40	1	60	0	2.00	18-08-2022 15:08	0	0
1574	13735593	0x44450A2545DCbE3aaEf4d01FA6E922C9E029da41	1	1	40	1	60	0	2.00	18-08-2022 15:08	0	0
1502	13733653	0x0Fde7C81C18cd4f2d57ee81992Bcf9859479aab2	1	1	40	1	60	0	2.00	18-08-2022 15:08	0	0
1534	13734633	0x0Fde7C81C18cd4f2d57ee81992Bcf9859479aab2	1	1	40	1	60	0	2.00	18-08-2022 15:08	0	0
1770	13745533	0xf14bFAC783D378855cf1252f912f5dFA786df850	1	1	40	1	60	0	2.00	18-08-2022 15:08	0	0
1900	13750483	0xa37db91fE8cc8975f9334eD7Af81ce37ece5B4AE	1	1	40	1	60	0	2.00	18-08-2022 15:08	0	0
1438	13729623	0xf14bFAC783D378855cf1252f912f5dFA786df850	1	1	40	1	60	0	2.00	18-08-2022 15:08	0	0
1958	13752453	0xf14bFAC783D378855cf1252f912f5dFA786df850	1	1	40	1	60	0	2.00	18-08-2022 15:08	0	0
1832	13747503	0x4ea162709548fe4226730aCc04C72C54882233eC	1	1	40	1	60	0	2.00	18-08-2022 15:08	0	0
1305	13723763	0xF8fdCeD8B4174FB220382f0cEAEf9086f5718D07	1	1	40	1	60	0	0.00	18-08-2022 15:08	0	0
2033	13754463	0xf14bFAC783D378855cf1252f912f5dFA786df850	1	1	40	1	60	0	2.00	18-08-2022 15:08	0	0
1503	13733663	0x0Fde7C81C18cd4f2d57ee81992Bcf9859479aab2	1	1	40	1	60	0	2.00	18-08-2022 15:08	0	0
1879	13749543	0x5ae670F07FbE117ff7d8CD06Edfc20E1fE831352	1	1	40	1	60	0	2.00	18-08-2022 15:08	0	0
1349	13726653	0xF8fdCeD8B4174FB220382f0cEAEf9086f5718D07	1	1	40	1	60	0	2.00	18-08-2022 15:08	0	0
1402	13728623	0xf14bFAC783D378855cf1252f912f5dFA786df850	1	1	40	1	60	0	2.00	18-08-2022 15:08	0	0
1254	13715833	0xD25313e42C1b0d04f22D69904ff25859A19F2886	1	1	40	1	60	0	2.00	18-08-2022 15:08	0	0
1575	13735623	0x44450A2545DCbE3aaEf4d01FA6E922C9E029da41	1	1	40	1	60	0	2.00	18-08-2022 15:08	0	0
1771	13745563	0xf14bFAC783D378855cf1252f912f5dFA786df850	1	1	40	1	60	0	2.00	18-08-2022 15:08	0	0
1439	13729653	0xf14bFAC783D378855cf1252f912f5dFA786df850	1	1	40	1	60	0	2.00	18-08-2022 15:08	0	0
1535	13734673	0x0Fde7C81C18cd4f2d57ee81992Bcf9859479aab2	1	1	40	1	60	0	2.00	18-08-2022 15:08	0	0
1255	13715843	0xcA9A710d2cB3af0e189821065E486880Fc676f80	1	1	40	1	60	0	2.00	18-08-2022 15:08	0	0
1833	13747543	0x6c8E9dc4B57564B92b6B58C80758dFfaEEdEbf33	1	1	40	1	60	0	2.00	18-08-2022 15:08	0	0
1959	13752493	0xf14bFAC783D378855cf1252f912f5dFA786df850	1	1	40	1	60	0	2.00	18-08-2022 15:08	0	0
1403	13728643	0xf14bFAC783D378855cf1252f912f5dFA786df850	1	1	40	1	60	0	2.00	18-08-2022 15:08	0	0
1880	13749573	0x5ae670F07FbE117ff7d8CD06Edfc20E1fE831352	1	1	40	1	60	0	2.00	18-08-2022 15:08	0	0
1901	13750533	0xa37db91fE8cc8975f9334eD7Af81ce37ece5B4AE	1	1	40	1	60	0	2.00	18-08-2022 15:08	0	0
1504	13733703	0x0Fde7C81C18cd4f2d57ee81992Bcf9859479aab2	1	1	40	1	60	0	2.00	18-08-2022 15:08	0	0
1306	13723803	0x11bDD37639CFF5a223B72a327887475Ad11Abcf2	1	1	40	1	60	0	2.00	18-08-2022 15:08	0	0
2034	13754513	0xf14bFAC783D378855cf1252f912f5dFA786df850	1	1	40	1	60	0	2.00	18-08-2022 15:08	0	0
1350	13726693	0xF8fdCeD8B4174FB220382f0cEAEf9086f5718D07	1	1	40	1	60	0	2.00	18-08-2022 15:08	0	0
1289	13722853	0xC534CD6F25da09Af31e5dd18872c1833C5b53039	1	1	40	1	60	0	2.00	18-08-2022 15:08	0	0
1576	13735663	0x44450A2545DCbE3aaEf4d01FA6E922C9E029da41	1	1	40	1	60	0	2.00	18-08-2022 15:08	0	0
2859	13790943	0x17f6f34EE200ddf4AC9D0C732Ba2A4D353c521F7	1	1	40	1	60	0	2.00	18-08-2022 15:08	0	0
1256	13715863	0x511D522094aB6212b96E4d6533BE9B070fa944Dd	1	1	40	1	60	0	2.00	18-08-2022 15:08	0	0
1772	13745603	0xf14bFAC783D378855cf1252f912f5dFA786df850	1	1	40	1	60	0	2.00	18-08-2022 15:08	0	0
1834	13747573	0x4ea162709548fe4226730aCc04C72C54882233eC	1	1	40	1	60	0	2.00	18-08-2022 15:08	0	0
1440	13729683	0xf14bFAC783D378855cf1252f912f5dFA786df850	1	1	40	1	60	0	2.00	18-08-2022 15:08	0	0
1404	13728673	0xC4134D4f59947D3d36c01029845616B71C4206ef	1	1	40	1	60	0	2.00	18-08-2022 15:08	0	0
2924	13792943	0xf14bFAC783D378855cf1252f912f5dFA786df850	1	1	40	1	60	0	2.00	18-08-2022 15:08	0	0
1960	13752533	0xf14bFAC783D378855cf1252f912f5dFA786df850	1	1	40	1	60	0	2.00	18-08-2022 15:08	0	0
1536	13734713	0x0Fde7C81C18cd4f2d57ee81992Bcf9859479aab2	1	1	40	1	60	0	2.00	18-08-2022 15:08	0	0
1505	13733733	0x0Fde7C81C18cd4f2d57ee81992Bcf9859479aab2	1	1	40	1	60	0	2.00	18-08-2022 15:08	0	0
1882	13749613	0x5ae670F07FbE117ff7d8CD06Edfc20E1fE831352	1	1	40	1	60	0	2.00	18-08-2022 15:08	0	0
1835	13747583	0x4ea162709548fe4226730aCc04C72C54882233eC	1	1	40	1	60	0	2.00	18-08-2022 15:08	0	0
1902	13750573	0xa37db91fE8cc8975f9334eD7Af81ce37ece5B4AE	1	1	40	1	60	0	2.00	18-08-2022 15:08	0	0
1351	13726723	0xF8fdCeD8B4174FB220382f0cEAEf9086f5718D07	1	1	40	1	60	0	2.00	18-08-2022 15:08	0	0
2977	13794943	0x8Ed27c03365B965461B5f2BFE7215A471694f0eB	1	1	40	1	60	0	2.00	18-08-2022 15:08	0	0
2035	13754563	0x1673bf9D8f7EC59F8C073Ef47c53A00e79f55DF6	1	1	40	1	60	0	2.00	18-08-2022 15:08	0	0
1290	13722893	0x043599c759ca95E0869b310140b292E1EA0F1d35	1	1	40	1	60	0	2.00	18-08-2022 15:08	0	0
1441	13729713	0xf14bFAC783D378855cf1252f912f5dFA786df850	1	1	40	1	60	0	2.00	18-08-2022 15:08	0	0
2860	13790983	0x17f6f34EE200ddf4AC9D0C732Ba2A4D353c521F7	1	1	40	1	60	0	2.00	18-08-2022 15:08	0	0
1773	13745643	0xf14bFAC783D378855cf1252f912f5dFA786df850	1	1	40	1	60	0	2.00	18-08-2022 15:08	0	0
2926	13792973	0x17f6f34EE200ddf4AC9D0C732Ba2A4D353c521F7	1	1	40	1	60	0	2.00	18-08-2022 15:08	0	0
1577	13735703	0x44450A2545DCbE3aaEf4d01FA6E922C9E029da41	1	1	40	1	60	0	2.00	18-08-2022 15:08	0	0
3060	13797943	0x1af032cbc503dc38Ee468a8Ebd12Ad0bBFe56D01	1	1	40	1	60	0	2.00	18-08-2022 15:08	0	0
3023	13796943	0xa37db91fE8cc8975f9334eD7Af81ce37ece5B4AE	1	1	40	1	60	0	2.00	18-08-2022 15:08	0	0
1537	13734743	0x0Fde7C81C18cd4f2d57ee81992Bcf9859479aab2	1	1	40	1	60	0	2.00	18-08-2022 15:08	0	0
1406	13728703	0xf14bFAC783D378855cf1252f912f5dFA786df850	1	1	40	1	60	0	2.00	18-08-2022 15:08	0	0
2036	13754573	0xf14bFAC783D378855cf1252f912f5dFA786df850	1	1	40	1	60	0	2.00	18-08-2022 15:08	0	0
1961	13752573	0xf14bFAC783D378855cf1252f912f5dFA786df850	1	1	40	1	60	0	2.00	18-08-2022 15:08	0	0
1307	13723883	0xe48372014E00aEcAAe4dfE81A12f7139d35Bc06F	1	1	40	1	60	0	2.00	18-08-2022 15:08	0	0
1883	13749653	0x6c8E9dc4B57564B92b6B58C80758dFfaEEdEbf33	1	1	40	1	60	0	2.00	18-08-2022 15:08	0	0
1732	13743793	0x5AF98AA3a9E0fAd60e3b6Fc7644f6fa144E7B894	1	1	40	1	60	0	2.00	18-08-2022 15:08	0	0
3061	13797953	0x4ea162709548fe4226730aCc04C72C54882233eC	1	1	40	1	60	0	2.00	18-08-2022 15:08	0	0
3024	13796953	0xa37db91fE8cc8975f9334eD7Af81ce37ece5B4AE	1	1	40	1	60	0	2.00	18-08-2022 15:08	0	0
3120	13799943	0xF8fdCeD8B4174FB220382f0cEAEf9086f5718D07	1	1	40	1	60	0	2.00	18-08-2022 15:08	0	0
1442	13729743	0xf14bFAC783D378855cf1252f912f5dFA786df850	1	1	40	1	60	0	2.00	18-08-2022 15:08	0	0
1506	13733773	0x0Fde7C81C18cd4f2d57ee81992Bcf9859479aab2	1	1	40	1	60	0	2.00	18-08-2022 15:08	0	0
1836	13747633	0x4ea162709548fe4226730aCc04C72C54882233eC	1	1	40	1	60	0	2.00	18-08-2022 15:08	0	0
1352	13726753	0xF8fdCeD8B4174FB220382f0cEAEf9086f5718D07	1	1	40	1	60	0	2.00	18-08-2022 15:08	0	0
1903	13750623	0xa37db91fE8cc8975f9334eD7Af81ce37ece5B4AE	1	1	40	1	60	0	2.00	18-08-2022 15:08	0	0
2927	13793003	0xf14bFAC783D378855cf1252f912f5dFA786df850	1	1	40	1	60	0	2.00	18-08-2022 15:08	0	0
3062	13797963	0xF8fdCeD8B4174FB220382f0cEAEf9086f5718D07	1	1	40	1	60	0	2.00	18-08-2022 15:08	0	0
1308	13723903	0x7125bddBB047FfC17224F49B81184Bda511533f2	1	1	40	1	60	0	2.00	18-08-2022 15:08	0	0
1407	13728733	0xf14bFAC783D378855cf1252f912f5dFA786df850	1	1	40	1	60	0	2.00	18-08-2022 15:08	0	0
3158	13801943	0x5ae670F07FbE117ff7d8CD06Edfc20E1fE831352	1	1	40	1	60	0	2.00	18-08-2022 15:08	0	0
2861	13791033	0x17f6f34EE200ddf4AC9D0C732Ba2A4D353c521F7	1	1	40	1	60	0	2.00	18-08-2022 15:08	0	0
1774	13745683	0xf14bFAC783D378855cf1252f912f5dFA786df850	1	1	40	1	60	0	2.00	18-08-2022 15:08	0	0
1962	13752603	0xf14bFAC783D378855cf1252f912f5dFA786df850	1	1	40	1	60	0	2.00	18-08-2022 15:08	0	0
1538	13734783	0x1af032cbc503dc38Ee468a8Ebd12Ad0bBFe56D01	1	1	40	1	60	0	2.00	18-08-2022 15:08	0	0
1578	13735743	0x44450A2545DCbE3aaEf4d01FA6E922C9E029da41	1	1	40	1	60	0	2.00	18-08-2022 15:08	0	0
2037	13754613	0xf14bFAC783D378855cf1252f912f5dFA786df850	1	1	40	1	60	0	2.00	18-08-2022 15:08	0	0
2978	13795013	0x8Ed27c03365B965461B5f2BFE7215A471694f0eB	1	1	40	1	60	0	2.00	18-08-2022 15:08	0	0
3159	13801953	0xF8fdCeD8B4174FB220382f0cEAEf9086f5718D07	1	1	40	1	60	0	2.00	18-08-2022 15:08	0	0
1443	13729773	0x5AF98AA3a9E0fAd60e3b6Fc7644f6fa144E7B894	1	1	40	1	60	0	2.00	18-08-2022 15:08	0	0
3205	13803943	0xff8C9e2E073882d676F72c06f9f7604eC3d8E01d	1	1	40	1	60	0	2.00	18-08-2022 15:08	0	0
1507	13733803	0x0Fde7C81C18cd4f2d57ee81992Bcf9859479aab2	1	1	40	1	60	0	2.00	18-08-2022 15:08	0	0
2928	13793023	0x4ea162709548fe4226730aCc04C72C54882233eC	1	1	40	1	60	0	2.00	18-08-2022 15:08	0	0
3063	13797983	0xa37db91fE8cc8975f9334eD7Af81ce37ece5B4AE	1	1	40	1	60	0	2.00	18-08-2022 15:08	0	0
1837	13747673	0x4ea162709548fe4226730aCc04C72C54882233eC	1	1	40	1	60	0	2.00	18-08-2022 15:08	0	0
1354	13726793	0xf14bFAC783D378855cf1252f912f5dFA786df850	1	1	40	1	60	0	2.00	18-08-2022 15:08	0	0
1904	13750663	0xa37db91fE8cc8975f9334eD7Af81ce37ece5B4AE	1	1	40	1	60	0	2.00	18-08-2022 15:08	0	0
3251	13805943	0x0Fde7C81C18cd4f2d57ee81992Bcf9859479aab2	1	1	40	1	60	0	2.00	18-08-2022 15:08	0	0
1409	13728763	0xf14bFAC783D378855cf1252f912f5dFA786df850	1	1	40	1	60	0	2.00	18-08-2022 15:08	0	0
3294	13807903	0xa37db91fE8cc8975f9334eD7Af81ce37ece5B4AE	1	1	40	1	60	0	2.00	18-08-2022 15:08	18-08-2022 15:08	1
1775	13745713	0xf14bFAC783D378855cf1252f912f5dFA786df850	1	1	40	1	60	0	2.00	18-08-2022 15:08	0	0
1444	13729783	0xf14bFAC783D378855cf1252f912f5dFA786df850	1	1	40	1	60	0	2.00	18-08-2022 15:08	0	0
3275	13806943	0xa37db91fE8cc8975f9334eD7Af81ce37ece5B4AE	1	1	40	1	60	0	2.00	18-08-2022 15:08	0	0
3064	13797993	0x7C40271ea784aAE772EA6E66c926e5CdEb4B8032	1	1	40	1	60	0	2.00	18-08-2022 15:08	0	0
1541	13734813	0x44450A2545DCbE3aaEf4d01FA6E922C9E029da41	1	1	40	1	60	0	2.00	18-08-2022 15:08	0	0
3121	13800003	0xF8fdCeD8B4174FB220382f0cEAEf9086f5718D07	1	1	40	1	60	0	2.00	18-08-2022 15:08	0	0
1963	13752643	0xf14bFAC783D378855cf1252f912f5dFA786df850	1	1	40	1	60	0	2.00	18-08-2022 15:08	0	0
2929	13793043	0x17f6f34EE200ddf4AC9D0C732Ba2A4D353c521F7	1	1	40	1	60	0	2.00	18-08-2022 15:08	0	0
3362	13810893	0x34aCDC5b0Ded3D8Ec5034D2628d8a66012A6F265	1	1	40	1	60	0	2.00	18-08-2022 15:08	18-08-2022 15:08	1
1579	13735783	0xd889C4C605a914F9c470554cd04C6225587341F5	1	1	40	1	60	0	2.00	18-08-2022 15:08	0	0
3160	13801983	0x5ae670F07FbE117ff7d8CD06Edfc20E1fE831352	1	1	40	1	60	0	2.00	18-08-2022 15:08	0	0
3348	13809943	0xf59e4A1841A30c352b00D3678b13335d292512F1	1	1	40	1	60	0	2.00	18-08-2022 15:08	0	0
3365	13811703	0xacc70D928d4B373178C1DD67AF90293d3B0C0B44	1	1	40	1	60	0	2.00	18-08-2022 15:08	18-08-2022 15:08	1
3252	13805963	0xa37db91fE8cc8975f9334eD7Af81ce37ece5B4AE	1	1	40	1	60	0	2.00	18-08-2022 15:08	0	0
2038	13754653	0xf14bFAC783D378855cf1252f912f5dFA786df850	1	1	40	1	60	0	2.00	18-08-2022 15:08	0	0
2862	13791093	0x17f6f34EE200ddf4AC9D0C732Ba2A4D353c521F7	1	1	40	1	60	0	2.00	18-08-2022 15:08	0	0
1356	13726823	0xF8fdCeD8B4174FB220382f0cEAEf9086f5718D07	1	1	40	1	60	0	2.00	18-08-2022 15:08	0	0
3025	13797033	0xa37db91fE8cc8975f9334eD7Af81ce37ece5B4AE	1	1	40	1	60	0	2.00	18-08-2022 15:08	0	0
1445	13729803	0xf14bFAC783D378855cf1252f912f5dFA786df850	1	1	40	1	60	0	2.00	18-08-2022 15:08	0	0
1733	13743873	0xAe8408BE8e2F3Aadda3E7ba5CC67D843B0057dC0	1	1	40	1	60	0	2.00	18-08-2022 15:08	0	0
1508	13733843	0x0Fde7C81C18cd4f2d57ee81992Bcf9859479aab2	1	1	40	1	60	0	2.00	18-08-2022 15:08	0	0
3065	13798013	0x4ea162709548fe4226730aCc04C72C54882233eC	1	1	40	1	60	0	2.00	18-08-2022 15:08	0	0
1580	13735793	0x44450A2545DCbE3aaEf4d01FA6E922C9E029da41	1	1	40	1	60	0	2.00	18-08-2022 15:08	0	0
1410	13728793	0xf14bFAC783D378855cf1252f912f5dFA786df850	1	1	40	1	60	0	2.00	18-08-2022 15:08	0	0
1905	13750703	0x74D8BF24AFa6d35cf48480b58104B13F74A10DEf	1	1	40	1	60	0	2.00	18-08-2022 15:08	0	0
3295	13807983	0x17f6f34EE200ddf4AC9D0C732Ba2A4D353c521F7	1	1	40	1	60	0	2.00	18-08-2022 15:08	0	0
2930	13793073	0xf14bFAC783D378855cf1252f912f5dFA786df850	1	1	40	1	60	0	2.00	18-08-2022 15:08	0	0
1884	13749773	0xd889C4C605a914F9c470554cd04C6225587341F5	1	1	40	1	60	0	2.00	18-08-2022 15:08	0	0
1543	13734853	0x44450A2545DCbE3aaEf4d01FA6E922C9E029da41	1	1	40	1	60	0	2.00	18-08-2022 15:08	0	0
2979	13795083	0xe48372014E00aEcAAe4dfE81A12f7139d35Bc06F	1	1	40	1	60	0	2.00	18-08-2022 15:08	0	0
1838	13747713	0x4ea162709548fe4226730aCc04C72C54882233eC	1	1	40	1	60	0	2.00	18-08-2022 15:08	0	0
3206	13804003	0xe470bED5785b348399eA3F0A6213E3c8C733cc23	1	1	40	1	60	0	2.00	18-08-2022 15:08	0	0
3253	13805983	0x0Fde7C81C18cd4f2d57ee81992Bcf9859479aab2	1	1	40	1	60	0	2.00	18-08-2022 15:08	0	0
3380	13815823	0xbb78a6e4138B9d65b9874e44B9c89eFA232707b9	1	1	40	1	60	0	2.00	18-08-2022 15:08	18-08-2022 15:08	1
3375	13814943	0x5AF98AA3a9E0fAd60e3b6Fc7644f6fa144E7B894	1	1	40	1	60	0	2.00	18-08-2022 15:08	0	0
1776	13745753	0xe470bED5785b348399eA3F0A6213E3c8C733cc23	1	1	40	1	60	0	2.00	18-08-2022 15:08	0	0
1964	13752683	0xf14bFAC783D378855cf1252f912f5dFA786df850	1	1	40	1	60	0	2.00	18-08-2022 15:08	0	0
3066	13798033	0x97f6AA4E23436625380Ef073ed12E870CaaDCCCF	1	1	40	1	60	0	2.00	18-08-2022 15:08	0	0
1906	13750713	0xa37db91fE8cc8975f9334eD7Af81ce37ece5B4AE	1	1	40	1	60	0	2.00	18-08-2022 15:08	0	0
3161	13802023	0xF8fdCeD8B4174FB220382f0cEAEf9086f5718D07	1	1	40	1	60	0	2.00	18-08-2022 15:08	0	0
1446	13729833	0xf14bFAC783D378855cf1252f912f5dFA786df850	1	1	40	1	60	0	2.00	18-08-2022 15:08	0	0
1358	13726853	0xf14bFAC783D378855cf1252f912f5dFA786df850	1	1	40	1	60	0	2.00	18-08-2022 15:08	0	0
1509	13733873	0xB805817679d79679Aba8254b9f6070F47f67fdF3	1	1	40	1	60	0	2.00	18-08-2022 15:08	0	0
2931	13793083	0x4ea162709548fe4226730aCc04C72C54882233eC	1	1	40	1	60	0	2.00	18-08-2022 15:08	0	0
3349	13809993	0xf59e4A1841A30c352b00D3678b13335d292512F1	1	1	40	1	60	0	2.00	18-08-2022 15:08	0	0
1581	13735823	0x44450A2545DCbE3aaEf4d01FA6E922C9E029da41	1	1	40	1	60	0	2.00	18-08-2022 15:08	0	0
3296	13808003	0x74D8BF24AFa6d35cf48480b58104B13F74A10DEf	1	1	40	1	60	0	2.00	18-08-2022 15:08	0	0
1411	13728823	0xf14bFAC783D378855cf1252f912f5dFA786df850	1	1	40	1	60	0	2.00	18-08-2022 15:08	0	0
1777	13745763	0xf14bFAC783D378855cf1252f912f5dFA786df850	1	1	40	1	60	0	2.00	18-08-2022 15:08	0	0
3067	13798043	0xF8fdCeD8B4174FB220382f0cEAEf9086f5718D07	1	1	40	1	60	0	2.00	18-08-2022 15:08	0	0
2863	13791143	0x17f6f34EE200ddf4AC9D0C732Ba2A4D353c521F7	1	1	40	1	60	0	2.00	18-08-2022 15:08	0	0
3122	13800073	0xF8fdCeD8B4174FB220382f0cEAEf9086f5718D07	1	1	40	1	60	0	2.00	18-08-2022 15:08	0	0
1511	13733883	0xC952F89Ef6d0cA7C100095eA7908A1898F41bECE	1	1	40	1	60	0	2.00	18-08-2022 15:08	0	0
2142	13758803	0xe470bED5785b348399eA3F0A6213E3c8C733cc23	1	1	40	1	60	0	2.00	18-08-2022 15:08	0	0
1545	13734883	0x2860F4bEAD7c1074c15b6f102AC9dAF2034528cd	1	1	40	1	60	0	2.00	18-08-2022 15:08	0	0
3276	13807023	0xa37db91fE8cc8975f9334eD7Af81ce37ece5B4AE	1	1	40	1	60	0	2.00	18-08-2022 15:08	0	0
2039	13754703	0xf14bFAC783D378855cf1252f912f5dFA786df850	1	1	40	1	60	0	2.00	18-08-2022 15:08	0	0
2932	13793103	0x17f6f34EE200ddf4AC9D0C732Ba2A4D353c521F7	1	1	40	1	60	0	2.00	18-08-2022 15:08	0	0
3297	13808013	0xBccE9d464eb1180922CCB885eF74d6aB859291aB	1	1	40	1	60	0	2.00	18-08-2022 15:08	0	0
3069	13798053	0x4ea162709548fe4226730aCc04C72C54882233eC	1	1	40	1	60	0	2.00	18-08-2022 15:08	0	0
1839	13747753	0x4ea162709548fe4226730aCc04C72C54882233eC	1	1	40	1	60	0	2.00	18-08-2022 15:08	0	0
1447	13729863	0xf14bFAC783D378855cf1252f912f5dFA786df850	1	1	40	1	60	0	2.00	18-08-2022 15:08	0	0
1359	13726883	0xf14bFAC783D378855cf1252f912f5dFA786df850	1	1	40	1	60	0	2.00	18-08-2022 15:08	0	0
1546	13734893	0x44450A2545DCbE3aaEf4d01FA6E922C9E029da41	1	1	40	1	60	0	2.00	18-08-2022 15:08	0	0
3026	13797103	0xa37db91fE8cc8975f9334eD7Af81ce37ece5B4AE	1	1	40	1	60	0	2.00	18-08-2022 15:08	0	0
3363	13811033	0x7D44D186792173B62F6C0FbFc459294aA2964830	1	1	40	1	60	0	2.00	18-08-2022 15:08	0	0
3162	13802063	0x5ae670F07FbE117ff7d8CD06Edfc20E1fE831352	1	1	40	1	60	0	2.00	18-08-2022 15:08	0	0
1778	13745793	0xf14bFAC783D378855cf1252f912f5dFA786df850	1	1	40	1	60	0	2.00	18-08-2022 15:08	0	0
1412	13728853	0xf14bFAC783D378855cf1252f912f5dFA786df850	1	1	40	1	60	0	2.00	18-08-2022 15:08	0	0
1582	13735853	0x44450A2545DCbE3aaEf4d01FA6E922C9E029da41	1	1	40	1	60	0	2.00	18-08-2022 15:08	0	0
1965	13752723	0xf14bFAC783D378855cf1252f912f5dFA786df850	1	1	40	1	60	0	2.00	18-08-2022 15:08	0	0
1513	13733913	0x0Fde7C81C18cd4f2d57ee81992Bcf9859479aab2	1	1	40	1	60	0	2.00	18-08-2022 15:08	0	0
1907	13750753	0xa37db91fE8cc8975f9334eD7Af81ce37ece5B4AE	1	1	40	1	60	0	2.00	18-08-2022 15:08	0	0
3254	13806053	0xa37db91fE8cc8975f9334eD7Af81ce37ece5B4AE	1	1	40	1	60	0	2.00	18-08-2022 15:08	0	0
2980	13795153	0x8Ed27c03365B965461B5f2BFE7215A471694f0eB	1	1	40	1	60	0	2.00	18-08-2022 15:08	0	0
3207	13804073	0xCD9c1785482F0C1A6d180cca049e46C8C338dF56	1	1	40	1	60	0	2.00	18-08-2022 15:08	0	0
3298	13808043	0xa37db91fE8cc8975f9334eD7Af81ce37ece5B4AE	1	1	40	1	60	0	2.00	18-08-2022 15:08	0	0
2933	13793133	0xf14bFAC783D378855cf1252f912f5dFA786df850	1	1	40	1	60	0	2.00	18-08-2022 15:08	0	0
1448	13729893	0xf14bFAC783D378855cf1252f912f5dFA786df850	1	1	40	1	60	0	2.00	18-08-2022 15:08	0	0
1360	13726913	0xf14bFAC783D378855cf1252f912f5dFA786df850	1	1	40	1	60	0	2.00	18-08-2022 15:08	0	0
3462	13820943	0x8Ed27c03365B965461B5f2BFE7215A471694f0eB	1	1	40	1	60	0	2.00	18-08-2022 15:08	0	0
3255	13806063	0xa37db91fE8cc8975f9334eD7Af81ce37ece5B4AE	1	1	40	1	60	0	2.00	18-08-2022 15:08	0	0
2864	13791203	0x17f6f34EE200ddf4AC9D0C732Ba2A4D353c521F7	1	1	40	1	60	0	2.00	18-08-2022 15:08	0	0
3070	13798093	0xF8fdCeD8B4174FB220382f0cEAEf9086f5718D07	1	1	40	1	60	0	2.00	18-08-2022 15:08	0	0
2981	13795163	0xa37db91fE8cc8975f9334eD7Af81ce37ece5B4AE	1	1	40	1	60	0	2.00	18-08-2022 15:08	0	0
1840	13747793	0x4ea162709548fe4226730aCc04C72C54882233eC	1	1	40	1	60	0	2.00	18-08-2022 15:08	0	0
2040	13754753	0xf14bFAC783D378855cf1252f912f5dFA786df850	1	1	40	1	60	0	2.00	18-08-2022 15:08	0	0
3163	13802093	0xF8fdCeD8B4174FB220382f0cEAEf9086f5718D07	1	1	40	1	60	0	2.00	18-08-2022 15:08	0	0
2934	13793143	0x4ea162709548fe4226730aCc04C72C54882233eC	1	1	40	1	60	0	2.00	18-08-2022 15:08	0	0
1413	13728883	0xf14bFAC783D378855cf1252f912f5dFA786df850	1	1	40	1	60	0	2.00	18-08-2022 15:08	0	0
1966	13752753	0xf14bFAC783D378855cf1252f912f5dFA786df850	1	1	40	1	60	0	2.00	18-08-2022 15:08	0	0
1779	13745833	0xf14bFAC783D378855cf1252f912f5dFA786df850	1	1	40	1	60	0	2.00	18-08-2022 15:08	0	0
3123	13800143	0xF8fdCeD8B4174FB220382f0cEAEf9086f5718D07	1	1	40	1	60	0	2.00	18-08-2022 15:08	0	0
3299	13808063	0x17f6f34EE200ddf4AC9D0C732Ba2A4D353c521F7	1	1	40	1	60	0	2.00	18-08-2022 15:08	0	0
1583	13735893	0x44450A2545DCbE3aaEf4d01FA6E922C9E029da41	1	1	40	1	60	0	2.00	18-08-2022 15:08	0	0
2982	13795173	0x8Ed27c03365B965461B5f2BFE7215A471694f0eB	1	1	40	1	60	0	2.00	18-08-2022 15:08	0	0
3350	13810083	0x80eA27bd921E441F9331725dd4dad14Cb6019970	1	1	40	1	60	0	2.00	18-08-2022 15:08	0	0
1450	13729923	0xf14bFAC783D378855cf1252f912f5dFA786df850	1	1	40	1	60	0	2.00	18-08-2022 15:08	0	0
1908	13750803	0xa37db91fE8cc8975f9334eD7Af81ce37ece5B4AE	1	1	40	1	60	0	2.00	18-08-2022 15:08	0	0
3300	13808073	0xBccE9d464eb1180922CCB885eF74d6aB859291aB	1	1	40	1	60	0	2.00	18-08-2022 15:08	0	0
3547	13823943	0x17f6f34EE200ddf4AC9D0C732Ba2A4D353c521F7	1	1	40	1	60	0	2.00	18-08-2022 15:08	0	0
3028	13797173	0x938EA0A6671C870d167B39c8d7aA5C54146813AF	1	1	40	1	60	0	2.00	18-08-2022 15:08	0	0
3277	13807113	0xa37db91fE8cc8975f9334eD7Af81ce37ece5B4AE	1	1	40	1	60	0	2.00	18-08-2022 15:08	0	0
3208	13804123	0x0Fde7C81C18cd4f2d57ee81992Bcf9859479aab2	1	1	40	1	60	0	2.00	18-08-2022 15:08	0	0
2935	13793173	0x17f6f34EE200ddf4AC9D0C732Ba2A4D353c521F7	1	1	40	1	60	0	2.00	18-08-2022 15:08	0	0
3463	13820983	0x8Ed27c03365B965461B5f2BFE7215A471694f0eB	1	1	40	1	60	0	2.00	18-08-2022 15:08	0	0
1414	13728913	0xf14bFAC783D378855cf1252f912f5dFA786df850	1	1	40	1	60	0	2.00	18-08-2022 15:08	0	0
2041	13754793	0xf14bFAC783D378855cf1252f912f5dFA786df850	1	1	40	1	60	0	2.00	18-08-2022 15:08	0	0
3071	13798133	0x4ea162709548fe4226730aCc04C72C54882233eC	1	1	40	1	60	0	2.00	18-08-2022 15:08	0	0
3608	13825943	0xf59e4A1841A30c352b00D3678b13335d292512F1	1	1	40	1	60	0	2.00	18-08-2022 15:08	0	0
3549	13823953	0x17f6f34EE200ddf4AC9D0C732Ba2A4D353c521F7	1	1	40	1	60	0	2.00	18-08-2022 15:08	0	0
1841	13747843	0xCD9c1785482F0C1A6d180cca049e46C8C338dF56	1	1	40	1	60	0	2.00	18-08-2022 15:08	0	0
3640	13826903	0xC3cD281897C136dc879b1dF5B33517b1149e2076	1	1	40	1	60	0	2.00	18-08-2022 15:08	18-08-2022 15:08	1
3164	13802143	0x5ae670F07FbE117ff7d8CD06Edfc20E1fE831352	1	1	40	1	60	0	2.00	18-08-2022 15:08	0	0
1780	13745873	0xf14bFAC783D378855cf1252f912f5dFA786df850	1	1	40	1	60	0	2.00	18-08-2022 15:08	0	0
1967	13752793	0xfe6851BCe8edf041adbb5C2134660816a4F8683D	1	1	40	1	60	0	2.00	18-08-2022 15:08	0	0
3351	13810113	0xf59e4A1841A30c352b00D3678b13335d292512F1	1	1	40	1	60	0	2.00	18-08-2022 15:08	0	0
2865	13791263	0x0Fde7C81C18cd4f2d57ee81992Bcf9859479aab2	1	1	40	1	60	0	2.00	18-08-2022 15:08	0	0
1584	13735933	0xe470bED5785b348399eA3F0A6213E3c8C733cc23	1	1	40	1	60	0	2.00	18-08-2022 15:08	0	0
3256	13806133	0x0Fde7C81C18cd4f2d57ee81992Bcf9859479aab2	1	1	40	1	60	0	2.00	18-08-2022 15:08	0	0
2936	13793193	0xf14bFAC783D378855cf1252f912f5dFA786df850	1	1	40	1	60	0	2.00	18-08-2022 15:08	0	0
3645	13828943	0x5AF98AA3a9E0fAd60e3b6Fc7644f6fa144E7B894	1	1	40	1	60	0	2.00	18-08-2022 15:08	0	0
1842	13747853	0x4ea162709548fe4226730aCc04C72C54882233eC	1	1	40	1	60	0	2.00	18-08-2022 15:08	0	0
1909	13750843	0x24CB0300c33FcBD47cdbC7e8db726A85E0632f6e	1	1	40	1	60	0	2.00	18-08-2022 15:08	0	0
